GEOID,NAME,variable,estimate,moe
98001,ZCTA5 98001,wht_pop,21306,1201
98001,ZCTA5 98001,blck_pop,2402,613
98001,ZCTA5 98001,total_population,33699,1199
98001,ZCTA5 98001,med_income,38240,2310
98002,ZCTA5 98002,wht_pop,20977,1073
98002,ZCTA5 98002,blck_pop,2484,753
98002,ZCTA5 98002,total_population,33468,1017
98002,ZCTA5 98002,med_income,32067,995
98003,ZCTA5 98003,wht_pop,24232,1572
98003,ZCTA5 98003,blck_pop,7880,1214
98003,ZCTA5 98003,total_population,49533,1446
98003,ZCTA5 98003,med_income,31252,1028
98004,ZCTA5 98004,wht_pop,21279,925
98004,ZCTA5 98004,blck_pop,523,212
98004,ZCTA5 98004,total_population,36202,999
98004,ZCTA5 98004,med_income,79105,6948
98005,ZCTA5 98005,wht_pop,9542,707
98005,ZCTA5 98005,blck_pop,523,198
98005,ZCTA5 98005,total_population,19223,894
98005,ZCTA5 98005,med_income,62155,4332
98006,ZCTA5 98006,wht_pop,19643,1160
98006,ZCTA5 98006,blck_pop,1022,410
98006,ZCTA5 98006,total_population,37871,1095
98006,ZCTA5 98006,med_income,56799,5349
98007,ZCTA5 98007,wht_pop,14054,947
98007,ZCTA5 98007,blck_pop,950,470
98007,ZCTA5 98007,total_population,29322,1153
98007,ZCTA5 98007,med_income,49423,6022
98008,ZCTA5 98008,wht_pop,17232,804
98008,ZCTA5 98008,blck_pop,578,276
98008,ZCTA5 98008,total_population,25719,800
98008,ZCTA5 98008,med_income,47447,4709
98010,ZCTA5 98010,wht_pop,5245,328
98010,ZCTA5 98010,blck_pop,28,32
98010,ZCTA5 98010,total_population,5602,296
98010,ZCTA5 98010,med_income,50602,9137
98011,ZCTA5 98011,wht_pop,24053,1006
98011,ZCTA5 98011,blck_pop,603,254
98011,ZCTA5 98011,total_population,33830,648
98011,ZCTA5 98011,med_income,47826,3723
98012,ZCTA5 98012,wht_pop,44231,1802
98012,ZCTA5 98012,blck_pop,1592,483
98012,ZCTA5 98012,total_population,67427,1509
98012,ZCTA5 98012,med_income,49556,2278
98014,ZCTA5 98014,wht_pop,6412,540
98014,ZCTA5 98014,blck_pop,67,59
98014,ZCTA5 98014,total_population,6773,550
98014,ZCTA5 98014,med_income,51841,2411
98019,ZCTA5 98019,wht_pop,10779,814
98019,ZCTA5 98019,blck_pop,134,109
98019,ZCTA5 98019,total_population,11946,691
98019,ZCTA5 98019,med_income,54925,8164
98020,ZCTA5 98020,wht_pop,16352,916
98020,ZCTA5 98020,blck_pop,151,114
98020,ZCTA5 98020,total_population,19447,781
98020,ZCTA5 98020,med_income,49200,3550
98021,ZCTA5 98021,wht_pop,20795,893
98021,ZCTA5 98021,blck_pop,682,307
98021,ZCTA5 98021,total_population,31496,870
98021,ZCTA5 98021,med_income,49939,3238
98022,ZCTA5 98022,wht_pop,18935,844
98022,ZCTA5 98022,blck_pop,27,30
98022,ZCTA5 98022,total_population,21217,788
98022,ZCTA5 98022,med_income,36667,2793
98023,ZCTA5 98023,wht_pop,28207,1307
98023,ZCTA5 98023,blck_pop,6017,1009
98023,ZCTA5 98023,total_population,50201,1224
98023,ZCTA5 98023,med_income,38494,1571
98024,ZCTA5 98024,wht_pop,5725,687
98024,ZCTA5 98024,blck_pop,45,71
98024,ZCTA5 98024,total_population,6890,743
98024,ZCTA5 98024,med_income,47839,10945
98026,ZCTA5 98026,wht_pop,29705,1387
98026,ZCTA5 98026,blck_pop,812,290
98026,ZCTA5 98026,total_population,37995,1318
98026,ZCTA5 98026,med_income,44060,2766
98027,ZCTA5 98027,wht_pop,24270,1409
98027,ZCTA5 98027,blck_pop,294,179
98027,ZCTA5 98027,total_population,30989,1317
98027,ZCTA5 98027,med_income,51529,3273
98028,ZCTA5 98028,wht_pop,17664,554
98028,ZCTA5 98028,blck_pop,278,146
98028,ZCTA5 98028,total_population,22738,89
98028,ZCTA5 98028,med_income,52434,3055
98029,ZCTA5 98029,wht_pop,16592,1067
98029,ZCTA5 98029,blck_pop,941,611
98029,ZCTA5 98029,total_population,29250,976
98029,ZCTA5 98029,med_income,70406,9050
98030,ZCTA5 98030,wht_pop,16864,1301
98030,ZCTA5 98030,blck_pop,6294,1404
98030,ZCTA5 98030,total_population,38681,1495
98030,ZCTA5 98030,med_income,31032,1453
98031,ZCTA5 98031,wht_pop,17110,1077
98031,ZCTA5 98031,blck_pop,3484,647
98031,ZCTA5 98031,total_population,37850,1108
98031,ZCTA5 98031,med_income,36901,1196
98032,ZCTA5 98032,wht_pop,18035,1191
98032,ZCTA5 98032,blck_pop,5539,782
98032,ZCTA5 98032,total_population,39074,1438
98032,ZCTA5 98032,med_income,31684,1420
98033,ZCTA5 98033,wht_pop,30767,1044
98033,ZCTA5 98033,blck_pop,211,72
98033,ZCTA5 98033,total_population,39939,887
98033,ZCTA5 98033,med_income,64051,3025
98034,ZCTA5 98034,wht_pop,32206,1203
98034,ZCTA5 98034,blck_pop,924,317
98034,ZCTA5 98034,total_population,43471,921
98034,ZCTA5 98034,med_income,50643,2696
98036,ZCTA5 98036,wht_pop,27323,1171
98036,ZCTA5 98036,blck_pop,2083,511
98036,ZCTA5 98036,total_population,40723,1364
98036,ZCTA5 98036,med_income,40651,1510
98037,ZCTA5 98037,wht_pop,17669,1100
98037,ZCTA5 98037,blck_pop,2082,610
98037,ZCTA5 98037,total_population,30485,1143
98037,ZCTA5 98037,med_income,35824,1767
98038,ZCTA5 98038,wht_pop,30277,882
98038,ZCTA5 98038,blck_pop,356,182
98038,ZCTA5 98038,total_population,35904,648
98038,ZCTA5 98038,med_income,54048,2116
98039,ZCTA5 98039,wht_pop,2287,174
98039,ZCTA5 98039,blck_pop,35,30
98039,ZCTA5 98039,total_population,3267,23
98039,ZCTA5 98039,med_income,87250,24029
98040,ZCTA5 98040,wht_pop,19055,550
98040,ZCTA5 98040,blck_pop,295,192
98040,ZCTA5 98040,total_population,25675,43
98040,ZCTA5 98040,med_income,70156,6282
98042,ZCTA5 98042,wht_pop,35149,1347
98042,ZCTA5 98042,blck_pop,1942,443
98042,ZCTA5 98042,total_population,48572,1242
98042,ZCTA5 98042,med_income,43150,2024
98043,ZCTA5 98043,wht_pop,14161,703
98043,ZCTA5 98043,blck_pop,1594,558
98043,ZCTA5 98043,total_population,21210,32
98043,ZCTA5 98043,med_income,38872,1634
98045,ZCTA5 98045,wht_pop,13465,998
98045,ZCTA5 98045,blck_pop,191,155
98045,ZCTA5 98045,total_population,15339,636
98045,ZCTA5 98045,med_income,49319,7952
98047,ZCTA5 98047,wht_pop,4060,659
98047,ZCTA5 98047,blck_pop,334,275
98047,ZCTA5 98047,total_population,7124,169
98047,ZCTA5 98047,med_income,28660,2725
98050,ZCTA5 98050,wht_pop,357,256
98050,ZCTA5 98050,blck_pop,0,12
98050,ZCTA5 98050,total_population,432,232
98050,ZCTA5 98050,med_income,125696,5071
98051,ZCTA5 98051,wht_pop,4054,560
98051,ZCTA5 98051,blck_pop,0,12
98051,ZCTA5 98051,total_population,4451,564
98051,ZCTA5 98051,med_income,41667,3693
98052,ZCTA5 98052,wht_pop,39316,1321
98052,ZCTA5 98052,blck_pop,1227,385
98052,ZCTA5 98052,total_population,70245,428
98052,ZCTA5 98052,med_income,68033,3848
98053,ZCTA5 98053,wht_pop,15556,684
98053,ZCTA5 98053,blck_pop,181,144
98053,ZCTA5 98053,total_population,21993,660
98053,ZCTA5 98053,med_income,66739,4771
98055,ZCTA5 98055,wht_pop,10627,796
98055,ZCTA5 98055,blck_pop,3177,579
98055,ZCTA5 98055,total_population,24332,893
98055,ZCTA5 98055,med_income,40276,1689
98056,ZCTA5 98056,wht_pop,20037,1035
98056,ZCTA5 98056,blck_pop,2086,601
98056,ZCTA5 98056,total_population,35722,1108
98056,ZCTA5 98056,med_income,42864,2159
98057,ZCTA5 98057,wht_pop,5935,739
98057,ZCTA5 98057,blck_pop,2246,638
98057,ZCTA5 98057,total_population,12822,1048
98057,ZCTA5 98057,med_income,37854,3486
98058,ZCTA5 98058,wht_pop,27046,1192
98058,ZCTA5 98058,blck_pop,3416,616
98058,ZCTA5 98058,total_population,43740,1211
98058,ZCTA5 98058,med_income,42034,1612
98059,ZCTA5 98059,wht_pop,23380,1008
98059,ZCTA5 98059,blck_pop,1066,448
98059,ZCTA5 98059,total_population,38959,1166
98059,ZCTA5 98059,med_income,48398,3463
98065,ZCTA5 98065,wht_pop,13221,500
98065,ZCTA5 98065,blck_pop,111,93
98065,ZCTA5 98065,total_population,15958,380
98065,ZCTA5 98065,med_income,64950,8357
98068,ZCTA5 98068,wht_pop,370,173
98068,ZCTA5 98068,blck_pop,65,93
98068,ZCTA5 98068,total_population,444,200
98068,ZCTA5 98068,med_income,40982,17979
98070,ZCTA5 98070,wht_pop,9894,604
98070,ZCTA5 98070,blck_pop,7,13
98070,ZCTA5 98070,total_population,10291,615
98070,ZCTA5 98070,med_income,36744,4018
98072,ZCTA5 98072,wht_pop,20357,849
98072,ZCTA5 98072,blck_pop,170,163
98072,ZCTA5 98072,total_population,23939,698
98072,ZCTA5 98072,med_income,56622,5326
98074,ZCTA5 98074,wht_pop,17770,754
98074,ZCTA5 98074,blck_pop,190,128
98074,ZCTA5 98074,total_population,28775,695
98074,ZCTA5 98074,med_income,91703,6315
98075,ZCTA5 98075,wht_pop,15482,738
98075,ZCTA5 98075,blck_pop,293,258
98075,ZCTA5 98075,total_population,23996,738
98075,ZCTA5 98075,med_income,76654,8021
98077,ZCTA5 98077,wht_pop,11140,701
98077,ZCTA5 98077,blck_pop,131,118
98077,ZCTA5 98077,total_population,13452,687
98077,ZCTA5 98077,med_income,58569,6377
98087,ZCTA5 98087,wht_pop,22301,1397
98087,ZCTA5 98087,blck_pop,2827,734
98087,ZCTA5 98087,total_population,41083,1686
98087,ZCTA5 98087,med_income,38932,3335
98092,ZCTA5 98092,wht_pop,31465,1429
98092,ZCTA5 98092,blck_pop,1954,549
98092,ZCTA5 98092,total_population,47824,1640
98092,ZCTA5 98092,med_income,42744,2588
98101,ZCTA5 98101,wht_pop,8735,765
98101,ZCTA5 98101,blck_pop,897,285
98101,ZCTA5 98101,total_population,13492,875
98101,ZCTA5 98101,med_income,59758,5860
98102,ZCTA5 98102,wht_pop,19235,1151
98102,ZCTA5 98102,blck_pop,629,212
98102,ZCTA5 98102,total_population,26023,1182
98102,ZCTA5 98102,med_income,60881,3011
98103,ZCTA5 98103,wht_pop,43097,1533
98103,ZCTA5 98103,blck_pop,1213,399
98103,ZCTA5 98103,total_population,53163,1484
98103,ZCTA5 98103,med_income,57407,2773
98104,ZCTA5 98104,wht_pop,7575,534
98104,ZCTA5 98104,blck_pop,1391,297
98104,ZCTA5 98104,total_population,14522,809
98104,ZCTA5 98104,med_income,34705,4754
98105,ZCTA5 98105,wht_pop,31382,1313
98105,ZCTA5 98105,blck_pop,1487,383
98105,ZCTA5 98105,total_population,50434,1698
98105,ZCTA5 98105,med_income,21251,1758
98106,ZCTA5 98106,wht_pop,12617,760
98106,ZCTA5 98106,blck_pop,3250,587
98106,ZCTA5 98106,total_population,25940,1004
98106,ZCTA5 98106,med_income,37163,2165
98107,ZCTA5 98107,wht_pop,22694,1077
98107,ZCTA5 98107,blck_pop,272,192
98107,ZCTA5 98107,total_population,27534,1106
98107,ZCTA5 98107,med_income,58778,2842
98108,ZCTA5 98108,wht_pop,7029,626
98108,ZCTA5 98108,blck_pop,5024,902
98108,ZCTA5 98108,total_population,23639,1140
98108,ZCTA5 98108,med_income,31012,1657
98109,ZCTA5 98109,wht_pop,20611,1348
98109,ZCTA5 98109,blck_pop,1148,395
98109,ZCTA5 98109,total_population,30384,1415
98109,ZCTA5 98109,med_income,68471,5215
98110,ZCTA5 98110,wht_pop,22119,504
98110,ZCTA5 98110,blck_pop,137,111
98110,ZCTA5 98110,total_population,24486,25
98110,ZCTA5 98110,med_income,54297,4505
98112,ZCTA5 98112,wht_pop,21608,929
98112,ZCTA5 98112,blck_pop,851,246
98112,ZCTA5 98112,total_population,25474,940
98112,ZCTA5 98112,med_income,61307,3085
98115,ZCTA5 98115,wht_pop,42278,1076
98115,ZCTA5 98115,blck_pop,1067,307
98115,ZCTA5 98115,total_population,54109,1162
98115,ZCTA5 98115,med_income,56491,2670
98116,ZCTA5 98116,wht_pop,22807,1037
98116,ZCTA5 98116,blck_pop,370,219
98116,ZCTA5 98116,total_population,27338,1096
98116,ZCTA5 98116,med_income,66588,5910
98117,ZCTA5 98117,wht_pop,29791,1165
98117,ZCTA5 98117,blck_pop,488,224
98117,ZCTA5 98117,total_population,35645,1244
98117,ZCTA5 98117,med_income,61212,3019
98118,ZCTA5 98118,wht_pop,16202,812
98118,ZCTA5 98118,blck_pop,11956,1508
98118,ZCTA5 98118,total_population,49181,1713
98118,ZCTA5 98118,med_income,36344,1746
98119,ZCTA5 98119,wht_pop,20325,1043
98119,ZCTA5 98119,blck_pop,552,201
98119,ZCTA5 98119,total_population,26322,1185
98119,ZCTA5 98119,med_income,52261,2404
98121,ZCTA5 98121,wht_pop,12345,1091
98121,ZCTA5 98121,blck_pop,720,270
98121,ZCTA5 98121,total_population,19494,1103
98121,ZCTA5 98121,med_income,80238,7525
98122,ZCTA5 98122,wht_pop,26438,1317
98122,ZCTA5 98122,blck_pop,4538,701
98122,ZCTA5 98122,total_population,39305,1428
98122,ZCTA5 98122,med_income,47046,3367
98125,ZCTA5 98125,wht_pop,27927,1196
98125,ZCTA5 98125,blck_pop,4076,767
98125,ZCTA5 98125,total_population,42981,1150
98125,ZCTA5 98125,med_income,40068,1846
98126,ZCTA5 98126,wht_pop,15803,994
98126,ZCTA5 98126,blck_pop,2940,553
98126,ZCTA5 98126,total_population,23646,1137
98126,ZCTA5 98126,med_income,49835,2380
98133,ZCTA5 98133,wht_pop,32137,1402
98133,ZCTA5 98133,blck_pop,4030,818
98133,ZCTA5 98133,total_population,48650,1492
98133,ZCTA5 98133,med_income,36508,2228
98134,ZCTA5 98134,wht_pop,515,193
98134,ZCTA5 98134,blck_pop,91,80
98134,ZCTA5 98134,total_population,833,272
98134,ZCTA5 98134,med_income,19886,11757
98136,ZCTA5 98136,wht_pop,14358,768
98136,ZCTA5 98136,blck_pop,588,292
98136,ZCTA5 98136,total_population,16997,844
98136,ZCTA5 98136,med_income,56687,6041
98144,ZCTA5 98144,wht_pop,15616,799
98144,ZCTA5 98144,blck_pop,5461,928
98144,ZCTA5 98144,total_population,32439,1360
98144,ZCTA5 98144,med_income,39975,2662
98146,ZCTA5 98146,wht_pop,15360,981
98146,ZCTA5 98146,blck_pop,1928,796
98146,ZCTA5 98146,total_population,27780,1373
98146,ZCTA5 98146,med_income,35792,1941
98148,ZCTA5 98148,wht_pop,5728,572
98148,ZCTA5 98148,blck_pop,1439,541
98148,ZCTA5 98148,total_population,12149,746
98148,ZCTA5 98148,med_income,35189,3562
98154,ZCTA5 98154,wht_pop,0,12
98154,ZCTA5 98154,blck_pop,0,12
98154,ZCTA5 98154,total_population,0,12
98154,ZCTA5 98154,med_income,NA,NA
98155,ZCTA5 98155,wht_pop,25271,820
98155,ZCTA5 98155,blck_pop,1508,365
98155,ZCTA5 98155,total_population,35041,777
98155,ZCTA5 98155,med_income,44634,2439
98158,ZCTA5 98158,wht_pop,0,12
98158,ZCTA5 98158,blck_pop,0,12
98158,ZCTA5 98158,total_population,0,12
98158,ZCTA5 98158,med_income,NA,NA
98164,ZCTA5 98164,wht_pop,141,66
98164,ZCTA5 98164,blck_pop,0,12
98164,ZCTA5 98164,total_population,177,72
98164,ZCTA5 98164,med_income,126641,102726
98166,ZCTA5 98166,wht_pop,15912,854
98166,ZCTA5 98166,blck_pop,1083,464
98166,ZCTA5 98166,total_population,21452,986
98166,ZCTA5 98166,med_income,43077,2932
98168,ZCTA5 98168,wht_pop,15463,1027
98168,ZCTA5 98168,blck_pop,4097,617
98168,ZCTA5 98168,total_population,33401,1362
98168,ZCTA5 98168,med_income,28841,1852
98174,ZCTA5 98174,wht_pop,0,12
98174,ZCTA5 98174,blck_pop,0,12
98174,ZCTA5 98174,total_population,0,12
98174,ZCTA5 98174,med_income,NA,NA
98177,ZCTA5 98177,wht_pop,17116,1055
98177,ZCTA5 98177,blck_pop,387,203
98177,ZCTA5 98177,total_population,20676,1064
98177,ZCTA5 98177,med_income,54466,3945
98178,ZCTA5 98178,wht_pop,8007,541
98178,ZCTA5 98178,blck_pop,7146,1072
98178,ZCTA5 98178,total_population,27335,1398
98178,ZCTA5 98178,med_income,34293,2237
98188,ZCTA5 98188,wht_pop,9255,736
98188,ZCTA5 98188,blck_pop,6424,1098
98188,ZCTA5 98188,total_population,25175,1235
98188,ZCTA5 98188,med_income,31627,1470
98195,ZCTA5 98195,wht_pop,22,51
98195,ZCTA5 98195,blck_pop,0,12
98195,ZCTA5 98195,total_population,48,53
98195,ZCTA5 98195,med_income,NA,NA
98198,ZCTA5 98198,wht_pop,20133,1001
98198,ZCTA5 98198,blck_pop,3794,920
98198,ZCTA5 98198,total_population,37966,759
98198,ZCTA5 98198,med_income,35468,2035
98199,ZCTA5 98199,wht_pop,18487,735
98199,ZCTA5 98199,blck_pop,635,381
98199,ZCTA5 98199,total_population,22720,807
98199,ZCTA5 98199,med_income,64310,3426
98201,ZCTA5 98201,wht_pop,24205,954
98201,ZCTA5 98201,blck_pop,1115,391
98201,ZCTA5 98201,total_population,29792,920
98201,ZCTA5 98201,med_income,32041,1596
98203,ZCTA5 98203,wht_pop,27680,1327
98203,ZCTA5 98203,blck_pop,1600,680
98203,ZCTA5 98203,total_population,36065,1199
98203,ZCTA5 98203,med_income,34485,2090
98204,ZCTA5 98204,wht_pop,25865,1788
98204,ZCTA5 98204,blck_pop,3007,580
98204,ZCTA5 98204,total_population,42364,1936
98204,ZCTA5 98204,med_income,31074,1081
98205,ZCTA5 98205,wht_pop,13411,863
98205,ZCTA5 98205,blck_pop,156,119
98205,ZCTA5 98205,total_population,15394,803
98205,ZCTA5 98205,med_income,44313,2422
98207,ZCTA5 98207,wht_pop,1124,371
98207,ZCTA5 98207,blck_pop,240,181
98207,ZCTA5 98207,total_population,1684,666
98207,ZCTA5 98207,med_income,25955,1786
98208,ZCTA5 98208,wht_pop,41734,1521
98208,ZCTA5 98208,blck_pop,2466,671
98208,ZCTA5 98208,total_population,58162,1823
98208,ZCTA5 98208,med_income,41398,1904
98220,ZCTA5 98220,wht_pop,757,502
98220,ZCTA5 98220,blck_pop,0,12
98220,ZCTA5 98220,total_population,779,495
98220,ZCTA5 98220,med_income,29233,20693
98221,ZCTA5 98221,wht_pop,20046,276
98221,ZCTA5 98221,blck_pop,116,45
98221,ZCTA5 98221,total_population,21699,200
98221,ZCTA5 98221,med_income,37160,1137
98222,ZCTA5 98222,wht_pop,84,35
98222,ZCTA5 98222,blck_pop,0,12
98222,ZCTA5 98222,total_population,84,35
98222,ZCTA5 98222,med_income,36875,18345
98223,ZCTA5 98223,wht_pop,39551,1434
98223,ZCTA5 98223,blck_pop,465,214
98223,ZCTA5 98223,total_population,44110,1242
98223,ZCTA5 98223,med_income,40284,1884
98224,ZCTA5 98224,wht_pop,198,82
98224,ZCTA5 98224,blck_pop,0,12
98224,ZCTA5 98224,total_population,214,86
98224,ZCTA5 98224,med_income,21563,11781
98225,ZCTA5 98225,wht_pop,44143,1399
98225,ZCTA5 98225,blck_pop,698,202
98225,ZCTA5 98225,total_population,51697,1324
98225,ZCTA5 98225,med_income,22004,983
98226,ZCTA5 98226,wht_pop,33942,1389
98226,ZCTA5 98226,blck_pop,555,246
98226,ZCTA5 98226,total_population,43892,1471
98226,ZCTA5 98226,med_income,31549,1137
98229,ZCTA5 98229,wht_pop,28399,1142
98229,ZCTA5 98229,blck_pop,380,248
98229,ZCTA5 98229,total_population,32801,1247
98229,ZCTA5 98229,med_income,32331,2051
98230,ZCTA5 98230,wht_pop,15083,958
98230,ZCTA5 98230,blck_pop,98,77
98230,ZCTA5 98230,total_population,17604,1043
98230,ZCTA5 98230,med_income,35393,2115
98232,ZCTA5 98232,wht_pop,4243,622
98232,ZCTA5 98232,blck_pop,30,38
98232,ZCTA5 98232,total_population,4395,621
98232,ZCTA5 98232,med_income,34771,6064
98233,ZCTA5 98233,wht_pop,12355,739
98233,ZCTA5 98233,blck_pop,195,144
98233,ZCTA5 98233,total_population,16379,612
98233,ZCTA5 98233,med_income,31790,2006
98235,ZCTA5 98235,wht_pop,73,58
98235,ZCTA5 98235,blck_pop,0,12
98235,ZCTA5 98235,total_population,73,58
98235,ZCTA5 98235,med_income,NA,NA
98236,ZCTA5 98236,wht_pop,5663,564
98236,ZCTA5 98236,blck_pop,1,2
98236,ZCTA5 98236,total_population,6002,561
98236,ZCTA5 98236,med_income,35479,4611
98237,ZCTA5 98237,wht_pop,3953,440
98237,ZCTA5 98237,blck_pop,0,12
98237,ZCTA5 98237,total_population,4410,466
98237,ZCTA5 98237,med_income,26727,3980
98238,ZCTA5 98238,wht_pop,0,12
98238,ZCTA5 98238,blck_pop,0,12
98238,ZCTA5 98238,total_population,0,12
98238,ZCTA5 98238,med_income,NA,NA
98239,ZCTA5 98239,wht_pop,6780,526
98239,ZCTA5 98239,blck_pop,41,29
98239,ZCTA5 98239,total_population,7215,542
98239,ZCTA5 98239,med_income,35875,6370
98240,ZCTA5 98240,wht_pop,2898,640
98240,ZCTA5 98240,blck_pop,0,12
98240,ZCTA5 98240,total_population,3145,700
98240,ZCTA5 98240,med_income,35261,7894
98241,ZCTA5 98241,wht_pop,1664,265
98241,ZCTA5 98241,blck_pop,10,16
98241,ZCTA5 98241,total_population,1920,281
98241,ZCTA5 98241,med_income,25870,2733
98243,ZCTA5 98243,wht_pop,575,159
98243,ZCTA5 98243,blck_pop,3,4
98243,ZCTA5 98243,total_population,589,161
98243,ZCTA5 98243,med_income,35208,10085
98244,ZCTA5 98244,wht_pop,2189,447
98244,ZCTA5 98244,blck_pop,1,3
98244,ZCTA5 98244,total_population,2725,470
98244,ZCTA5 98244,med_income,30899,4798
98245,ZCTA5 98245,wht_pop,3502,201
98245,ZCTA5 98245,blck_pop,51,37
98245,ZCTA5 98245,total_population,3826,215
98245,ZCTA5 98245,med_income,28908,2106
98247,ZCTA5 98247,wht_pop,7199,594
98247,ZCTA5 98247,blck_pop,26,30
98247,ZCTA5 98247,total_population,9792,678
98247,ZCTA5 98247,med_income,25473,1818
98248,ZCTA5 98248,wht_pop,21249,1200
98248,ZCTA5 98248,blck_pop,152,130
98248,ZCTA5 98248,total_population,25391,1169
98248,ZCTA5 98248,med_income,32007,2126
98249,ZCTA5 98249,wht_pop,3853,465
98249,ZCTA5 98249,blck_pop,71,74
98249,ZCTA5 98249,total_population,4399,482
98249,ZCTA5 98249,med_income,39369,6329
98250,ZCTA5 98250,wht_pop,7494,203
98250,ZCTA5 98250,blck_pop,59,54
98250,ZCTA5 98250,total_population,8107,202
98250,ZCTA5 98250,med_income,36521,1908
98251,ZCTA5 98251,wht_pop,3900,415
98251,ZCTA5 98251,blck_pop,0,12
98251,ZCTA5 98251,total_population,4108,438
98251,ZCTA5 98251,med_income,37509,3616
98252,ZCTA5 98252,wht_pop,9086,783
98252,ZCTA5 98252,blck_pop,34,58
98252,ZCTA5 98252,total_population,9697,780
98252,ZCTA5 98252,med_income,41999,4706
98253,ZCTA5 98253,wht_pop,1772,354
98253,ZCTA5 98253,blck_pop,0,12
98253,ZCTA5 98253,total_population,1794,358
98253,ZCTA5 98253,med_income,33722,11880
98255,ZCTA5 98255,wht_pop,146,67
98255,ZCTA5 98255,blck_pop,0,12
98255,ZCTA5 98255,total_population,164,69
98255,ZCTA5 98255,med_income,29712,4466
98256,ZCTA5 98256,wht_pop,339,107
98256,ZCTA5 98256,blck_pop,0,12
98256,ZCTA5 98256,total_population,348,108
98256,ZCTA5 98256,med_income,23594,6680
98257,ZCTA5 98257,wht_pop,3329,216
98257,ZCTA5 98257,blck_pop,29,27
98257,ZCTA5 98257,total_population,4207,261
98257,ZCTA5 98257,med_income,31655,2228
98258,ZCTA5 98258,wht_pop,28684,1103
98258,ZCTA5 98258,blck_pop,532,243
98258,ZCTA5 98258,total_population,33205,1052
98258,ZCTA5 98258,med_income,45351,2350
98260,ZCTA5 98260,wht_pop,5451,418
98260,ZCTA5 98260,blck_pop,0,17
98260,ZCTA5 98260,total_population,5685,433
98260,ZCTA5 98260,med_income,34353,4812
98261,ZCTA5 98261,wht_pop,2518,157
98261,ZCTA5 98261,blck_pop,25,27
98261,ZCTA5 98261,total_population,2796,176
98261,ZCTA5 98261,med_income,33039,2743
98262,ZCTA5 98262,wht_pop,888,94
98262,ZCTA5 98262,blck_pop,0,12
98262,ZCTA5 98262,total_population,903,98
98262,ZCTA5 98262,med_income,39375,5080
98263,ZCTA5 98263,wht_pop,80,45
98263,ZCTA5 98263,blck_pop,0,12
98263,ZCTA5 98263,total_population,83,46
98263,ZCTA5 98263,med_income,56563,17380
98264,ZCTA5 98264,wht_pop,17463,989
98264,ZCTA5 98264,blck_pop,184,84
98264,ZCTA5 98264,total_population,20890,1031
98264,ZCTA5 98264,med_income,31207,1444
98266,ZCTA5 98266,wht_pop,3693,813
98266,ZCTA5 98266,blck_pop,0,12
98266,ZCTA5 98266,total_population,4167,891
98266,ZCTA5 98266,med_income,20962,7273
98267,ZCTA5 98267,wht_pop,304,209
98267,ZCTA5 98267,blck_pop,0,12
98267,ZCTA5 98267,total_population,334,223
98267,ZCTA5 98267,med_income,NA,NA
98270,ZCTA5 98270,wht_pop,41031,1131
98270,ZCTA5 98270,blck_pop,715,328
98270,ZCTA5 98270,total_population,51293,967
98270,ZCTA5 98270,med_income,36767,1376
98271,ZCTA5 98271,wht_pop,22940,916
98271,ZCTA5 98271,blck_pop,387,185
98271,ZCTA5 98271,total_population,29130,998
98271,ZCTA5 98271,med_income,39697,2156
98272,ZCTA5 98272,wht_pop,24567,905
98272,ZCTA5 98272,blck_pop,849,185
98272,ZCTA5 98272,total_population,30051,898
98272,ZCTA5 98272,med_income,36300,2013
98273,ZCTA5 98273,wht_pop,23539,1057
98273,ZCTA5 98273,blck_pop,354,187
98273,ZCTA5 98273,total_population,31085,946
98273,ZCTA5 98273,med_income,28843,2162
98274,ZCTA5 98274,wht_pop,13607,639
98274,ZCTA5 98274,blck_pop,93,55
98274,ZCTA5 98274,total_population,17768,750
98274,ZCTA5 98274,med_income,37325,2904
98275,ZCTA5 98275,wht_pop,14929,781
98275,ZCTA5 98275,blck_pop,364,323
98275,ZCTA5 98275,total_population,21336,54
98275,ZCTA5 98275,med_income,51491,3981
98276,ZCTA5 98276,wht_pop,608,167
98276,ZCTA5 98276,blck_pop,0,12
98276,ZCTA5 98276,total_population,727,187
98276,ZCTA5 98276,med_income,30129,4747
98277,ZCTA5 98277,wht_pop,29042,733
98277,ZCTA5 98277,blck_pop,1946,310
98277,ZCTA5 98277,total_population,38553,700
98277,ZCTA5 98277,med_income,33492,1630
98278,ZCTA5 98278,wht_pop,1568,366
98278,ZCTA5 98278,blck_pop,436,143
98278,ZCTA5 98278,total_population,2176,445
98278,ZCTA5 98278,med_income,22603,1548
98279,ZCTA5 98279,wht_pop,595,99
98279,ZCTA5 98279,blck_pop,3,5
98279,ZCTA5 98279,total_population,614,102
98279,ZCTA5 98279,med_income,34471,5768
98280,ZCTA5 98280,wht_pop,413,95
98280,ZCTA5 98280,blck_pop,0,12
98280,ZCTA5 98280,total_population,438,97
98280,ZCTA5 98280,med_income,35114,15070
98281,ZCTA5 98281,wht_pop,998,137
98281,ZCTA5 98281,blck_pop,0,12
98281,ZCTA5 98281,total_population,1116,141
98281,ZCTA5 98281,med_income,31250,4250
98282,ZCTA5 98282,wht_pop,15943,556
98282,ZCTA5 98282,blck_pop,108,80
98282,ZCTA5 98282,total_population,17042,557
98282,ZCTA5 98282,med_income,36945,1751
98283,ZCTA5 98283,wht_pop,285,134
98283,ZCTA5 98283,blck_pop,0,12
98283,ZCTA5 98283,total_population,342,159
98283,ZCTA5 98283,med_income,20125,19717
98284,ZCTA5 98284,wht_pop,23519,1139
98284,ZCTA5 98284,blck_pop,381,194
98284,ZCTA5 98284,total_population,27106,1069
98284,ZCTA5 98284,med_income,33446,2700
98286,ZCTA5 98286,wht_pop,143,37
98286,ZCTA5 98286,blck_pop,8,9
98286,ZCTA5 98286,total_population,158,43
98286,ZCTA5 98286,med_income,33281,4670
98288,ZCTA5 98288,wht_pop,217,69
98288,ZCTA5 98288,blck_pop,9,10
98288,ZCTA5 98288,total_population,231,70
98288,ZCTA5 98288,med_income,30893,11805
98290,ZCTA5 98290,wht_pop,33457,1314
98290,ZCTA5 98290,blck_pop,90,71
98290,ZCTA5 98290,total_population,36399,1238
98290,ZCTA5 98290,med_income,42696,2302
98292,ZCTA5 98292,wht_pop,20542,705
98292,ZCTA5 98292,blck_pop,189,225
98292,ZCTA5 98292,total_population,22246,787
98292,ZCTA5 98292,med_income,40664,2073
98294,ZCTA5 98294,wht_pop,6343,429
98294,ZCTA5 98294,blck_pop,11,18
98294,ZCTA5 98294,total_population,7147,396
98294,ZCTA5 98294,med_income,37923,3712
98295,ZCTA5 98295,wht_pop,2057,376
98295,ZCTA5 98295,blck_pop,22,28
98295,ZCTA5 98295,total_population,2540,418
98295,ZCTA5 98295,med_income,28036,8998
98296,ZCTA5 98296,wht_pop,25051,1184
98296,ZCTA5 98296,blck_pop,312,173
98296,ZCTA5 98296,total_population,30702,1316
98296,ZCTA5 98296,med_income,58424,4358
98297,ZCTA5 98297,wht_pop,48,32
98297,ZCTA5 98297,blck_pop,0,12
98297,ZCTA5 98297,total_population,48,32
98297,ZCTA5 98297,med_income,26250,16723
98303,ZCTA5 98303,wht_pop,1082,285
98303,ZCTA5 98303,blck_pop,20,32
98303,ZCTA5 98303,total_population,1181,303
98303,ZCTA5 98303,med_income,40956,14193
98304,ZCTA5 98304,wht_pop,1070,456
98304,ZCTA5 98304,blck_pop,0,12
98304,ZCTA5 98304,total_population,1070,456
98304,ZCTA5 98304,med_income,25242,6158
98305,ZCTA5 98305,wht_pop,331,132
98305,ZCTA5 98305,blck_pop,0,12
98305,ZCTA5 98305,total_population,343,135
98305,ZCTA5 98305,med_income,23056,10331
98310,ZCTA5 98310,wht_pop,14620,828
98310,ZCTA5 98310,blck_pop,866,280
98310,ZCTA5 98310,total_population,20575,696
98310,ZCTA5 98310,med_income,33696,2473
98311,ZCTA5 98311,wht_pop,20243,1015
98311,ZCTA5 98311,blck_pop,1140,355
98311,ZCTA5 98311,total_population,27946,1061
98311,ZCTA5 98311,med_income,34437,1986
98312,ZCTA5 98312,wht_pop,24825,1031
98312,ZCTA5 98312,blck_pop,1325,338
98312,ZCTA5 98312,total_population,31086,1042
98312,ZCTA5 98312,med_income,32857,1801
98314,ZCTA5 98314,wht_pop,2330,418
98314,ZCTA5 98314,blck_pop,281,129
98314,ZCTA5 98314,total_population,2975,486
98314,ZCTA5 98314,med_income,22779,1234
98315,ZCTA5 98315,wht_pop,4853,562
98315,ZCTA5 98315,blck_pop,333,215
98315,ZCTA5 98315,total_population,6506,555
98315,ZCTA5 98315,med_income,25387,1606
98320,ZCTA5 98320,wht_pop,1132,177
98320,ZCTA5 98320,blck_pop,0,12
98320,ZCTA5 98320,total_population,1273,186
98320,ZCTA5 98320,med_income,28487,5047
98321,ZCTA5 98321,wht_pop,14620,727
98321,ZCTA5 98321,blck_pop,121,75
98321,ZCTA5 98321,total_population,15801,756
98321,ZCTA5 98321,med_income,43626,2318
98323,ZCTA5 98323,wht_pop,767,164
98323,ZCTA5 98323,blck_pop,0,12
98323,ZCTA5 98323,total_population,770,163
98323,ZCTA5 98323,med_income,34000,11566
98325,ZCTA5 98325,wht_pop,1403,394
98325,ZCTA5 98325,blck_pop,7,5
98325,ZCTA5 98325,total_population,1472,398
98325,ZCTA5 98325,med_income,25355,6384
98326,ZCTA5 98326,wht_pop,511,145
98326,ZCTA5 98326,blck_pop,10,21
98326,ZCTA5 98326,total_population,807,216
98326,ZCTA5 98326,med_income,19950,5612
98327,ZCTA5 98327,wht_pop,6852,409
98327,ZCTA5 98327,blck_pop,947,321
98327,ZCTA5 98327,total_population,9435,29
98327,ZCTA5 98327,med_income,55115,8701
98328,ZCTA5 98328,wht_pop,9553,908
98328,ZCTA5 98328,blck_pop,73,61
98328,ZCTA5 98328,total_population,10767,1038
98328,ZCTA5 98328,med_income,40306,2798
98329,ZCTA5 98329,wht_pop,10324,839
98329,ZCTA5 98329,blck_pop,150,99
98329,ZCTA5 98329,total_population,11493,913
98329,ZCTA5 98329,med_income,36674,3039
98330,ZCTA5 98330,wht_pop,49,78
98330,ZCTA5 98330,blck_pop,0,12
98330,ZCTA5 98330,total_population,102,111
98330,ZCTA5 98330,med_income,NA,NA
98331,ZCTA5 98331,wht_pop,5222,481
98331,ZCTA5 98331,blck_pop,267,171
98331,ZCTA5 98331,total_population,6482,502
98331,ZCTA5 98331,med_income,23931,1490
98332,ZCTA5 98332,wht_pop,16314,843
98332,ZCTA5 98332,blck_pop,220,107
98332,ZCTA5 98332,total_population,18655,896
98332,ZCTA5 98332,med_income,43252,2332
98333,ZCTA5 98333,wht_pop,3584,323
98333,ZCTA5 98333,blck_pop,0,12
98333,ZCTA5 98333,total_population,3918,323
98333,ZCTA5 98333,med_income,53705,7139
98335,ZCTA5 98335,wht_pop,22850,898
98335,ZCTA5 98335,blck_pop,143,94
98335,ZCTA5 98335,total_population,25631,872
98335,ZCTA5 98335,med_income,43385,3051
98336,ZCTA5 98336,wht_pop,665,211
98336,ZCTA5 98336,blck_pop,0,12
98336,ZCTA5 98336,total_population,727,188
98336,ZCTA5 98336,med_income,24800,10381
98337,ZCTA5 98337,wht_pop,5086,678
98337,ZCTA5 98337,blck_pop,474,234
98337,ZCTA5 98337,total_population,7168,605
98337,ZCTA5 98337,med_income,30018,4217
98338,ZCTA5 98338,wht_pop,23530,1357
98338,ZCTA5 98338,blck_pop,888,389
98338,ZCTA5 98338,total_population,28783,1299
98338,ZCTA5 98338,med_income,37960,2364
98339,ZCTA5 98339,wht_pop,2635,382
98339,ZCTA5 98339,blck_pop,15,20
98339,ZCTA5 98339,total_population,3072,410
98339,ZCTA5 98339,med_income,29323,4404
98340,ZCTA5 98340,wht_pop,2582,450
98340,ZCTA5 98340,blck_pop,0,12
98340,ZCTA5 98340,total_population,2879,438
98340,ZCTA5 98340,med_income,35625,8968
98342,ZCTA5 98342,wht_pop,1221,79
98342,ZCTA5 98342,blck_pop,8,8
98342,ZCTA5 98342,total_population,1323,85
98342,ZCTA5 98342,med_income,35195,3364
98345,ZCTA5 98345,wht_pop,421,156
98345,ZCTA5 98345,blck_pop,0,12
98345,ZCTA5 98345,total_population,430,155
98345,ZCTA5 98345,med_income,44091,5842
98346,ZCTA5 98346,wht_pop,8012,733
98346,ZCTA5 98346,blck_pop,21,28
98346,ZCTA5 98346,total_population,9964,837
98346,ZCTA5 98346,med_income,38160,4151
98349,ZCTA5 98349,wht_pop,4321,716
98349,ZCTA5 98349,blck_pop,0,12
98349,ZCTA5 98349,total_population,4588,758
98349,ZCTA5 98349,med_income,32147,4455
98350,ZCTA5 98350,wht_pop,19,15
98350,ZCTA5 98350,blck_pop,2,4
98350,ZCTA5 98350,total_population,406,92
98350,ZCTA5 98350,med_income,16389,3893
98351,ZCTA5 98351,wht_pop,969,287
98351,ZCTA5 98351,blck_pop,20,32
98351,ZCTA5 98351,total_population,1335,483
98351,ZCTA5 98351,med_income,26224,11836
98353,ZCTA5 98353,wht_pop,18,28
98353,ZCTA5 98353,blck_pop,0,12
98353,ZCTA5 98353,total_population,18,28
98353,ZCTA5 98353,med_income,NA,NA
98354,ZCTA5 98354,wht_pop,6424,294
98354,ZCTA5 98354,blck_pop,140,99
98354,ZCTA5 98354,total_population,7221,207
98354,ZCTA5 98354,med_income,39351,3349
98355,ZCTA5 98355,wht_pop,767,476
98355,ZCTA5 98355,blck_pop,0,12
98355,ZCTA5 98355,total_population,842,479
98355,ZCTA5 98355,med_income,21338,9490
98356,ZCTA5 98356,wht_pop,1667,278
98356,ZCTA5 98356,blck_pop,0,12
98356,ZCTA5 98356,total_population,2010,296
98356,ZCTA5 98356,med_income,21276,4848
98357,ZCTA5 98357,wht_pop,134,54
98357,ZCTA5 98357,blck_pop,0,12
98357,ZCTA5 98357,total_population,1560,168
98357,ZCTA5 98357,med_income,25533,2332
98358,ZCTA5 98358,wht_pop,831,196
98358,ZCTA5 98358,blck_pop,0,12
98358,ZCTA5 98358,total_population,831,196
98358,ZCTA5 98358,med_income,31447,14468
98359,ZCTA5 98359,wht_pop,4678,466
98359,ZCTA5 98359,blck_pop,6,11
98359,ZCTA5 98359,total_population,5044,456
98359,ZCTA5 98359,med_income,38164,6022
98360,ZCTA5 98360,wht_pop,12266,603
98360,ZCTA5 98360,blck_pop,274,235
98360,ZCTA5 98360,total_population,13726,534
98360,ZCTA5 98360,med_income,38187,3186
98361,ZCTA5 98361,wht_pop,762,258
98361,ZCTA5 98361,blck_pop,0,12
98361,ZCTA5 98361,total_population,796,249
98361,ZCTA5 98361,med_income,24886,8864
98362,ZCTA5 98362,wht_pop,21652,728
98362,ZCTA5 98362,blck_pop,302,149
98362,ZCTA5 98362,total_population,24027,722
98362,ZCTA5 98362,med_income,28033,2501
98363,ZCTA5 98363,wht_pop,12105,639
98363,ZCTA5 98363,blck_pop,140,103
98363,ZCTA5 98363,total_population,14197,567
98363,ZCTA5 98363,med_income,28893,1944
98364,ZCTA5 98364,wht_pop,88,109
98364,ZCTA5 98364,blck_pop,0,12
98364,ZCTA5 98364,total_population,88,109
98364,ZCTA5 98364,med_income,88750,23257
98365,ZCTA5 98365,wht_pop,4736,428
98365,ZCTA5 98365,blck_pop,0,17
98365,ZCTA5 98365,total_population,5029,434
98365,ZCTA5 98365,med_income,34665,4874
98366,ZCTA5 98366,wht_pop,28516,1250
98366,ZCTA5 98366,blck_pop,830,321
98366,ZCTA5 98366,total_population,34908,1131
98366,ZCTA5 98366,med_income,33512,2609
98367,ZCTA5 98367,wht_pop,25422,908
98367,ZCTA5 98367,blck_pop,455,212
98367,ZCTA5 98367,total_population,29826,929
98367,ZCTA5 98367,med_income,38123,2072
98368,ZCTA5 98368,wht_pop,14881,559
98368,ZCTA5 98368,blck_pop,82,66
98368,ZCTA5 98368,total_population,15868,576
98368,ZCTA5 98368,med_income,30193,2162
98370,ZCTA5 98370,wht_pop,27038,983
98370,ZCTA5 98370,blck_pop,272,150
98370,ZCTA5 98370,total_population,31278,882
98370,ZCTA5 98370,med_income,42719,1666
98371,ZCTA5 98371,wht_pop,18612,836
98371,ZCTA5 98371,blck_pop,531,311
98371,ZCTA5 98371,total_population,21866,870
98371,ZCTA5 98371,med_income,39056,1615
98372,ZCTA5 98372,wht_pop,21919,1087
98372,ZCTA5 98372,blck_pop,382,179
98372,ZCTA5 98372,total_population,26422,993
98372,ZCTA5 98372,med_income,39858,1896
98373,ZCTA5 98373,wht_pop,20897,1107
98373,ZCTA5 98373,blck_pop,762,374
98373,ZCTA5 98373,total_population,26344,1168
98373,ZCTA5 98373,med_income,40571,1472
98374,ZCTA5 98374,wht_pop,32589,1331
98374,ZCTA5 98374,blck_pop,1317,405
98374,ZCTA5 98374,total_population,41613,1343
98374,ZCTA5 98374,med_income,38869,2083
98375,ZCTA5 98375,wht_pop,21393,1354
98375,ZCTA5 98375,blck_pop,1639,453
98375,ZCTA5 98375,total_population,31955,1273
98375,ZCTA5 98375,med_income,40568,3125
98376,ZCTA5 98376,wht_pop,1820,257
98376,ZCTA5 98376,blck_pop,0,12
98376,ZCTA5 98376,total_population,2053,263
98376,ZCTA5 98376,med_income,28682,5332
98377,ZCTA5 98377,wht_pop,1731,292
98377,ZCTA5 98377,blck_pop,0,12
98377,ZCTA5 98377,total_population,1785,292
98377,ZCTA5 98377,med_income,24844,5764
98380,ZCTA5 98380,wht_pop,3975,571
98380,ZCTA5 98380,blck_pop,0,12
98380,ZCTA5 98380,total_population,4049,572
98380,ZCTA5 98380,med_income,44674,10547
98381,ZCTA5 98381,wht_pop,274,106
98381,ZCTA5 98381,blck_pop,0,12
98381,ZCTA5 98381,total_population,315,125
98381,ZCTA5 98381,med_income,43889,7740
98382,ZCTA5 98382,wht_pop,26883,749
98382,ZCTA5 98382,blck_pop,178,158
98382,ZCTA5 98382,total_population,28942,657
98382,ZCTA5 98382,med_income,27616,1713
98383,ZCTA5 98383,wht_pop,16402,879
98383,ZCTA5 98383,blck_pop,969,311
98383,ZCTA5 98383,total_population,21941,887
98383,ZCTA5 98383,med_income,41729,2057
98385,ZCTA5 98385,wht_pop,367,112
98385,ZCTA5 98385,blck_pop,0,12
98385,ZCTA5 98385,total_population,400,117
98385,ZCTA5 98385,med_income,42969,24860
98387,ZCTA5 98387,wht_pop,33686,1618
98387,ZCTA5 98387,blck_pop,5230,834
98387,ZCTA5 98387,total_population,49386,1680
98387,ZCTA5 98387,med_income,35188,1352
98388,ZCTA5 98388,wht_pop,4772,321
98388,ZCTA5 98388,blck_pop,408,172
98388,ZCTA5 98388,total_population,6627,161
98388,ZCTA5 98388,med_income,42914,3540
98390,ZCTA5 98390,wht_pop,9217,557
98390,ZCTA5 98390,blck_pop,147,86
98390,ZCTA5 98390,total_population,10935,258
98390,ZCTA5 98390,med_income,35477,2482
98391,ZCTA5 98391,wht_pop,45023,1427
98391,ZCTA5 98391,blck_pop,497,270
98391,ZCTA5 98391,total_population,52070,1317
98391,ZCTA5 98391,med_income,44962,1661
98392,ZCTA5 98392,wht_pop,2355,176
98392,ZCTA5 98392,blck_pop,12,10
98392,ZCTA5 98392,total_population,3181,217
98392,ZCTA5 98392,med_income,35404,1770
98394,ZCTA5 98394,wht_pop,1432,381
98394,ZCTA5 98394,blck_pop,0,12
98394,ZCTA5 98394,total_population,1467,371
98394,ZCTA5 98394,med_income,46767,21484
98396,ZCTA5 98396,wht_pop,749,175
98396,ZCTA5 98396,blck_pop,1,4
98396,ZCTA5 98396,total_population,761,175
98396,ZCTA5 98396,med_income,30833,12335
98402,ZCTA5 98402,wht_pop,4456,466
98402,ZCTA5 98402,blck_pop,575,219
98402,ZCTA5 98402,total_population,6208,517
98402,ZCTA5 98402,med_income,38623,6955
98403,ZCTA5 98403,wht_pop,6802,545
98403,ZCTA5 98403,blck_pop,133,91
98403,ZCTA5 98403,total_population,8130,669
98403,ZCTA5 98403,med_income,40961,5396
98404,ZCTA5 98404,wht_pop,16965,1153
98404,ZCTA5 98404,blck_pop,4598,662
98404,ZCTA5 98404,total_population,36243,1371
98404,ZCTA5 98404,med_income,27423,1856
98405,ZCTA5 98405,wht_pop,15504,1041
98405,ZCTA5 98405,blck_pop,3349,619
98405,ZCTA5 98405,total_population,23626,1129
98405,ZCTA5 98405,med_income,30294,1530
98406,ZCTA5 98406,wht_pop,18870,961
98406,ZCTA5 98406,blck_pop,1488,491
98406,ZCTA5 98406,total_population,23354,912
98406,ZCTA5 98406,med_income,42527,2992
98407,ZCTA5 98407,wht_pop,18166,832
98407,ZCTA5 98407,blck_pop,915,423
98407,ZCTA5 98407,total_population,21439,817
98407,ZCTA5 98407,med_income,44988,2512
98408,ZCTA5 98408,wht_pop,13185,1294
98408,ZCTA5 98408,blck_pop,2232,579
98408,ZCTA5 98408,total_population,21101,1506
98408,ZCTA5 98408,med_income,30848,1999
98409,ZCTA5 98409,wht_pop,14296,984
98409,ZCTA5 98409,blck_pop,4131,640
98409,ZCTA5 98409,total_population,25903,1049
98409,ZCTA5 98409,med_income,30566,1270
98416,ZCTA5 98416,wht_pop,726,182
98416,ZCTA5 98416,blck_pop,35,24
98416,ZCTA5 98416,total_population,962,212
98416,ZCTA5 98416,med_income,20400,18049
98418,ZCTA5 98418,wht_pop,6213,680
98418,ZCTA5 98418,blck_pop,552,214
98418,ZCTA5 98418,total_population,9333,876
98418,ZCTA5 98418,med_income,34445,5258
98421,ZCTA5 98421,wht_pop,1159,313
98421,ZCTA5 98421,blck_pop,131,122
98421,ZCTA5 98421,total_population,1557,377
98421,ZCTA5 98421,med_income,11705,5051
98422,ZCTA5 98422,wht_pop,15620,508
98422,ZCTA5 98422,blck_pop,1311,247
98422,ZCTA5 98422,total_population,21490,559
98422,ZCTA5 98422,med_income,46221,2040
98424,ZCTA5 98424,wht_pop,6551,403
98424,ZCTA5 98424,blck_pop,1020,252
98424,ZCTA5 98424,total_population,11542,309
98424,ZCTA5 98424,med_income,39049,2087
98430,ZCTA5 98430,wht_pop,0,12
98430,ZCTA5 98430,blck_pop,0,12
98430,ZCTA5 98430,total_population,0,12
98430,ZCTA5 98430,med_income,NA,NA
98433,ZCTA5 98433,wht_pop,12440,736
98433,ZCTA5 98433,blck_pop,3197,542
98433,ZCTA5 98433,total_population,19698,850
98433,ZCTA5 98433,med_income,25739,661
98438,ZCTA5 98438,wht_pop,377,128
98438,ZCTA5 98438,blck_pop,78,76
98438,ZCTA5 98438,total_population,584,164
98438,ZCTA5 98438,med_income,23792,1733
98439,ZCTA5 98439,wht_pop,3656,578
98439,ZCTA5 98439,blck_pop,358,155
98439,ZCTA5 98439,total_population,5488,583
98439,ZCTA5 98439,med_income,29529,5109
98443,ZCTA5 98443,wht_pop,4498,281
98443,ZCTA5 98443,blck_pop,128,70
98443,ZCTA5 98443,total_population,5571,353
98443,ZCTA5 98443,med_income,46940,4366
98444,ZCTA5 98444,wht_pop,18086,1160
98444,ZCTA5 98444,blck_pop,4668,713
98444,ZCTA5 98444,total_population,34456,1266
98444,ZCTA5 98444,med_income,26998,990
98445,ZCTA5 98445,wht_pop,20805,1758
98445,ZCTA5 98445,blck_pop,2777,598
98445,ZCTA5 98445,total_population,32066,1646
98445,ZCTA5 98445,med_income,34473,1372
98446,ZCTA5 98446,wht_pop,8601,934
98446,ZCTA5 98446,blck_pop,565,341
98446,ZCTA5 98446,total_population,11394,1000
98446,ZCTA5 98446,med_income,35176,2185
98447,ZCTA5 98447,wht_pop,533,148
98447,ZCTA5 98447,blck_pop,5,9
98447,ZCTA5 98447,total_population,732,149
98447,ZCTA5 98447,med_income,4673,889
98465,ZCTA5 98465,wht_pop,4797,668
98465,ZCTA5 98465,blck_pop,809,428
98465,ZCTA5 98465,total_population,6973,724
98465,ZCTA5 98465,med_income,30179,4023
98466,ZCTA5 98466,wht_pop,20917,841
98466,ZCTA5 98466,blck_pop,2672,517
98466,ZCTA5 98466,total_population,29164,745
98466,ZCTA5 98466,med_income,37873,1881
98467,ZCTA5 98467,wht_pop,9851,570
98467,ZCTA5 98467,blck_pop,1208,388
98467,ZCTA5 98467,total_population,15460,722
98467,ZCTA5 98467,med_income,34296,3405
98498,ZCTA5 98498,wht_pop,18936,978
98498,ZCTA5 98498,blck_pop,3401,490
98498,ZCTA5 98498,total_population,28754,1014
98498,ZCTA5 98498,med_income,36505,2055
98499,ZCTA5 98499,wht_pop,16412,1017
98499,ZCTA5 98499,blck_pop,4451,654
98499,ZCTA5 98499,total_population,31522,851
98499,ZCTA5 98499,med_income,26532,1097
98501,ZCTA5 98501,wht_pop,35888,1178
98501,ZCTA5 98501,blck_pop,1522,578
98501,ZCTA5 98501,total_population,42874,1073
98501,ZCTA5 98501,med_income,38139,2611
98502,ZCTA5 98502,wht_pop,29139,1083
98502,ZCTA5 98502,blck_pop,637,301
98502,ZCTA5 98502,total_population,35018,1174
98502,ZCTA5 98502,med_income,33529,2027
98503,ZCTA5 98503,wht_pop,30269,1233
98503,ZCTA5 98503,blck_pop,2679,660
98503,ZCTA5 98503,total_population,40452,1139
98503,ZCTA5 98503,med_income,33206,2163
98506,ZCTA5 98506,wht_pop,14861,797
98506,ZCTA5 98506,blck_pop,376,177
98506,ZCTA5 98506,total_population,17060,870
98506,ZCTA5 98506,med_income,39985,2634
98512,ZCTA5 98512,wht_pop,26814,989
98512,ZCTA5 98512,blck_pop,471,183
98512,ZCTA5 98512,total_population,30383,946
98512,ZCTA5 98512,med_income,39560,1625
98513,ZCTA5 98513,wht_pop,26174,1067
98513,ZCTA5 98513,blck_pop,1532,326
98513,ZCTA5 98513,total_population,35757,1147
98513,ZCTA5 98513,med_income,39798,1489
98516,ZCTA5 98516,wht_pop,18411,1192
98516,ZCTA5 98516,blck_pop,1122,327
98516,ZCTA5 98516,total_population,25766,1256
98516,ZCTA5 98516,med_income,42179,2969
98520,ZCTA5 98520,wht_pop,20671,698
98520,ZCTA5 98520,blck_pop,716,185
98520,ZCTA5 98520,total_population,24286,619
98520,ZCTA5 98520,med_income,22822,1402
98524,ZCTA5 98524,wht_pop,4325,748
98524,ZCTA5 98524,blck_pop,0,12
98524,ZCTA5 98524,total_population,4481,747
98524,ZCTA5 98524,med_income,31457,8634
98526,ZCTA5 98526,wht_pop,160,52
98526,ZCTA5 98526,blck_pop,0,12
98526,ZCTA5 98526,total_population,208,62
98526,ZCTA5 98526,med_income,25313,5025
98527,ZCTA5 98527,wht_pop,266,122
98527,ZCTA5 98527,blck_pop,0,12
98527,ZCTA5 98527,total_population,285,131
98527,ZCTA5 98527,med_income,16548,9167
98528,ZCTA5 98528,wht_pop,9369,954
98528,ZCTA5 98528,blck_pop,188,121
98528,ZCTA5 98528,total_population,11477,1034
98528,ZCTA5 98528,med_income,28685,4041
98530,ZCTA5 98530,wht_pop,651,175
98530,ZCTA5 98530,blck_pop,0,12
98530,ZCTA5 98530,total_population,668,175
98530,ZCTA5 98530,med_income,24485,5002
98531,ZCTA5 98531,wht_pop,23052,1074
98531,ZCTA5 98531,blck_pop,110,78
98531,ZCTA5 98531,total_population,26031,1075
98531,ZCTA5 98531,med_income,25730,1580
98532,ZCTA5 98532,wht_pop,21851,833
98532,ZCTA5 98532,blck_pop,230,96
98532,ZCTA5 98532,total_population,24084,860
98532,ZCTA5 98532,med_income,27106,1489
98533,ZCTA5 98533,wht_pop,365,124
98533,ZCTA5 98533,blck_pop,0,12
98533,ZCTA5 98533,total_population,369,124
98533,ZCTA5 98533,med_income,29896,14169
98535,ZCTA5 98535,wht_pop,677,340
98535,ZCTA5 98535,blck_pop,7,14
98535,ZCTA5 98535,total_population,757,349
98535,ZCTA5 98535,med_income,22714,11055
98536,ZCTA5 98536,wht_pop,56,73
98536,ZCTA5 98536,blck_pop,0,12
98536,ZCTA5 98536,total_population,76,78
98536,ZCTA5 98536,med_income,20455,11756
98537,ZCTA5 98537,wht_pop,1962,339
98537,ZCTA5 98537,blck_pop,4,8
98537,ZCTA5 98537,total_population,2150,347
98537,ZCTA5 98537,med_income,29490,3356
98538,ZCTA5 98538,wht_pop,311,68
98538,ZCTA5 98538,blck_pop,0,12
98538,ZCTA5 98538,total_population,373,86
98538,ZCTA5 98538,med_income,33333,8171
98541,ZCTA5 98541,wht_pop,9731,856
98541,ZCTA5 98541,blck_pop,27,24
98541,ZCTA5 98541,total_population,10422,841
98541,ZCTA5 98541,med_income,29031,4142
98542,ZCTA5 98542,wht_pop,587,169
98542,ZCTA5 98542,blck_pop,0,12
98542,ZCTA5 98542,total_population,615,173
98542,ZCTA5 98542,med_income,26771,13479
98544,ZCTA5 98544,wht_pop,63,76
98544,ZCTA5 98544,blck_pop,0,12
98544,ZCTA5 98544,total_population,63,76
98544,ZCTA5 98544,med_income,18375,16633
98546,ZCTA5 98546,wht_pop,3082,526
98546,ZCTA5 98546,blck_pop,0,12
98546,ZCTA5 98546,total_population,3272,551
98546,ZCTA5 98546,med_income,35951,6825
98547,ZCTA5 98547,wht_pop,1422,428
98547,ZCTA5 98547,blck_pop,0,12
98547,ZCTA5 98547,total_population,1486,424
98547,ZCTA5 98547,med_income,23485,5498
98548,ZCTA5 98548,wht_pop,2042,504
98548,ZCTA5 98548,blck_pop,10,17
98548,ZCTA5 98548,total_population,2158,489
98548,ZCTA5 98548,med_income,25924,4106
98550,ZCTA5 98550,wht_pop,10220,531
98550,ZCTA5 98550,blck_pop,63,69
98550,ZCTA5 98550,total_population,11324,466
98550,ZCTA5 98550,med_income,25375,1845
98552,ZCTA5 98552,wht_pop,458,156
98552,ZCTA5 98552,blck_pop,0,12
98552,ZCTA5 98552,total_population,480,160
98552,ZCTA5 98552,med_income,21898,7236
98555,ZCTA5 98555,wht_pop,287,170
98555,ZCTA5 98555,blck_pop,0,12
98555,ZCTA5 98555,total_population,319,181
98555,ZCTA5 98555,med_income,21850,9768
98557,ZCTA5 98557,wht_pop,3064,270
98557,ZCTA5 98557,blck_pop,24,41
98557,ZCTA5 98557,total_population,3304,275
98557,ZCTA5 98557,med_income,29881,2716
98558,ZCTA5 98558,wht_pop,325,382
98558,ZCTA5 98558,blck_pop,11,23
98558,ZCTA5 98558,total_population,337,381
98558,ZCTA5 98558,med_income,34842,15927
98559,ZCTA5 98559,wht_pop,0,12
98559,ZCTA5 98559,blck_pop,0,12
98559,ZCTA5 98559,total_population,0,12
98559,ZCTA5 98559,med_income,NA,NA
98560,ZCTA5 98560,wht_pop,115,73
98560,ZCTA5 98560,blck_pop,0,12
98560,ZCTA5 98560,total_population,115,73
98560,ZCTA5 98560,med_income,84583,48522
98562,ZCTA5 98562,wht_pop,47,73
98562,ZCTA5 98562,blck_pop,0,12
98562,ZCTA5 98562,total_population,47,73
98562,ZCTA5 98562,med_income,NA,NA
98563,ZCTA5 98563,wht_pop,7195,657
98563,ZCTA5 98563,blck_pop,8,18
98563,ZCTA5 98563,total_population,7893,574
98563,ZCTA5 98563,med_income,31765,1937
98564,ZCTA5 98564,wht_pop,1874,340
98564,ZCTA5 98564,blck_pop,8,14
98564,ZCTA5 98564,total_population,2198,363
98564,ZCTA5 98564,med_income,25437,4082
98565,ZCTA5 98565,wht_pop,872,307
98565,ZCTA5 98565,blck_pop,0,12
98565,ZCTA5 98565,total_population,934,310
98565,ZCTA5 98565,med_income,20714,8709
98568,ZCTA5 98568,wht_pop,1804,251
98568,ZCTA5 98568,blck_pop,6,9
98568,ZCTA5 98568,total_population,2461,288
98568,ZCTA5 98568,med_income,27372,4285
98569,ZCTA5 98569,wht_pop,5490,383
98569,ZCTA5 98569,blck_pop,3,6
98569,ZCTA5 98569,total_population,6309,226
98569,ZCTA5 98569,med_income,26495,2554
98570,ZCTA5 98570,wht_pop,3972,551
98570,ZCTA5 98570,blck_pop,1,2
98570,ZCTA5 98570,total_population,4175,578
98570,ZCTA5 98570,med_income,32626,4905
98571,ZCTA5 98571,wht_pop,190,265
98571,ZCTA5 98571,blck_pop,0,12
98571,ZCTA5 98571,total_population,278,286
98571,ZCTA5 98571,med_income,NA,NA
98572,ZCTA5 98572,wht_pop,649,155
98572,ZCTA5 98572,blck_pop,0,12
98572,ZCTA5 98572,total_population,720,157
98572,ZCTA5 98572,med_income,32100,4657
98575,ZCTA5 98575,wht_pop,134,48
98575,ZCTA5 98575,blck_pop,0,12
98575,ZCTA5 98575,total_population,139,50
98575,ZCTA5 98575,med_income,24792,10226
98576,ZCTA5 98576,wht_pop,4366,416
98576,ZCTA5 98576,blck_pop,152,179
98576,ZCTA5 98576,total_population,5068,469
98576,ZCTA5 98576,med_income,33560,3039
98577,ZCTA5 98577,wht_pop,6154,484
98577,ZCTA5 98577,blck_pop,18,22
98577,ZCTA5 98577,total_population,7325,459
98577,ZCTA5 98577,med_income,25220,2317
98579,ZCTA5 98579,wht_pop,12735,949
98579,ZCTA5 98579,blck_pop,59,57
98579,ZCTA5 98579,total_population,13589,928
98579,ZCTA5 98579,med_income,35350,3096
98580,ZCTA5 98580,wht_pop,10361,983
98580,ZCTA5 98580,blck_pop,154,145
98580,ZCTA5 98580,total_population,11437,934
98580,ZCTA5 98580,med_income,35699,5381
98581,ZCTA5 98581,wht_pop,520,163
98581,ZCTA5 98581,blck_pop,0,12
98581,ZCTA5 98581,total_population,525,165
98581,ZCTA5 98581,med_income,26865,2423
98582,ZCTA5 98582,wht_pop,172,101
98582,ZCTA5 98582,blck_pop,0,12
98582,ZCTA5 98582,total_population,172,101
98582,ZCTA5 98582,med_income,NA,NA
98583,ZCTA5 98583,wht_pop,149,102
98583,ZCTA5 98583,blck_pop,0,12
98583,ZCTA5 98583,total_population,149,102
98583,ZCTA5 98583,med_income,NA,NA
98584,ZCTA5 98584,wht_pop,29820,1166
98584,ZCTA5 98584,blck_pop,452,300
98584,ZCTA5 98584,total_population,37278,1081
98584,ZCTA5 98584,med_income,28148,1472
98585,ZCTA5 98585,wht_pop,781,324
98585,ZCTA5 98585,blck_pop,0,12
98585,ZCTA5 98585,total_population,832,326
98585,ZCTA5 98585,med_income,31293,24722
98586,ZCTA5 98586,wht_pop,1131,241
98586,ZCTA5 98586,blck_pop,6,12
98586,ZCTA5 98586,total_population,1569,277
98586,ZCTA5 98586,med_income,24033,3203
98587,ZCTA5 98587,wht_pop,62,22
98587,ZCTA5 98587,blck_pop,0,12
98587,ZCTA5 98587,total_population,747,168
98587,ZCTA5 98587,med_income,19141,4063
98588,ZCTA5 98588,wht_pop,1418,367
98588,ZCTA5 98588,blck_pop,150,172
98588,ZCTA5 98588,total_population,1583,403
98588,ZCTA5 98588,med_income,30278,10551
98589,ZCTA5 98589,wht_pop,6988,677
98589,ZCTA5 98589,blck_pop,125,141
98589,ZCTA5 98589,total_population,7654,699
98589,ZCTA5 98589,med_income,31179,3361
98590,ZCTA5 98590,wht_pop,199,88
98590,ZCTA5 98590,blck_pop,0,12
98590,ZCTA5 98590,total_population,305,127
98590,ZCTA5 98590,med_income,21193,10913
98591,ZCTA5 98591,wht_pop,3113,408
98591,ZCTA5 98591,blck_pop,0,12
98591,ZCTA5 98591,total_population,3376,432
98591,ZCTA5 98591,med_income,29367,3439
98592,ZCTA5 98592,wht_pop,1623,470
98592,ZCTA5 98592,blck_pop,0,12
98592,ZCTA5 98592,total_population,1839,493
98592,ZCTA5 98592,med_income,27527,11098
98593,ZCTA5 98593,wht_pop,1068,265
98593,ZCTA5 98593,blck_pop,16,23
98593,ZCTA5 98593,total_population,1260,288
98593,ZCTA5 98593,med_income,16271,2988
98595,ZCTA5 98595,wht_pop,2394,471
98595,ZCTA5 98595,blck_pop,1,3
98595,ZCTA5 98595,total_population,2508,473
98595,ZCTA5 98595,med_income,24007,2630
98596,ZCTA5 98596,wht_pop,6693,647
98596,ZCTA5 98596,blck_pop,29,37
98596,ZCTA5 98596,total_population,7813,668
98596,ZCTA5 98596,med_income,27893,3837
98597,ZCTA5 98597,wht_pop,20496,932
98597,ZCTA5 98597,blck_pop,171,102
98597,ZCTA5 98597,total_population,23996,889
98597,ZCTA5 98597,med_income,35425,2988
98601,ZCTA5 98601,wht_pop,3662,647
98601,ZCTA5 98601,blck_pop,0,12
98601,ZCTA5 98601,total_population,3702,644
98601,ZCTA5 98601,med_income,34231,5246
98602,ZCTA5 98602,wht_pop,114,106
98602,ZCTA5 98602,blck_pop,35,48
98602,ZCTA5 98602,total_population,185,151
98602,ZCTA5 98602,med_income,26597,14301
98603,ZCTA5 98603,wht_pop,1051,269
98603,ZCTA5 98603,blck_pop,0,12
98603,ZCTA5 98603,total_population,1167,291
98603,ZCTA5 98603,med_income,32452,11465
98604,ZCTA5 98604,wht_pop,35308,943
98604,ZCTA5 98604,blck_pop,219,111
98604,ZCTA5 98604,total_population,37225,1004
98604,ZCTA5 98604,med_income,38863,1303
98605,ZCTA5 98605,wht_pop,1060,247
98605,ZCTA5 98605,blck_pop,0,12
98605,ZCTA5 98605,total_population,1140,259
98605,ZCTA5 98605,med_income,28424,7166
98606,ZCTA5 98606,wht_pop,8307,690
98606,ZCTA5 98606,blck_pop,5,9
98606,ZCTA5 98606,total_population,9004,666
98606,ZCTA5 98606,med_income,42677,5360
98607,ZCTA5 98607,wht_pop,26837,824
98607,ZCTA5 98607,blck_pop,331,170
98607,ZCTA5 98607,total_population,32232,794
98607,ZCTA5 98607,med_income,44751,2774
98610,ZCTA5 98610,wht_pop,3116,320
98610,ZCTA5 98610,blck_pop,2,6
98610,ZCTA5 98610,total_population,3349,296
98610,ZCTA5 98610,med_income,29228,2753
98611,ZCTA5 98611,wht_pop,8920,738
98611,ZCTA5 98611,blck_pop,22,33
98611,ZCTA5 98611,total_population,9421,767
98611,ZCTA5 98611,med_income,32433,3609
98612,ZCTA5 98612,wht_pop,2706,231
98612,ZCTA5 98612,blck_pop,37,38
98612,ZCTA5 98612,total_population,2981,235
98612,ZCTA5 98612,med_income,27182,2413
98613,ZCTA5 98613,wht_pop,368,126
98613,ZCTA5 98613,blck_pop,19,31
98613,ZCTA5 98613,total_population,402,145
98613,ZCTA5 98613,med_income,29125,6478
98614,ZCTA5 98614,wht_pop,145,139
98614,ZCTA5 98614,blck_pop,0,12
98614,ZCTA5 98614,total_population,164,150
98614,ZCTA5 98614,med_income,NA,NA
98616,ZCTA5 98616,wht_pop,113,71
98616,ZCTA5 98616,blck_pop,0,12
98616,ZCTA5 98616,total_population,113,71
98616,ZCTA5 98616,med_income,42045,11653
98617,ZCTA5 98617,wht_pop,1298,467
98617,ZCTA5 98617,blck_pop,0,12
98617,ZCTA5 98617,total_population,1415,484
98617,ZCTA5 98617,med_income,31616,19176
98619,ZCTA5 98619,wht_pop,416,82
98619,ZCTA5 98619,blck_pop,0,12
98619,ZCTA5 98619,total_population,539,124
98619,ZCTA5 98619,med_income,29766,2689
98620,ZCTA5 98620,wht_pop,7118,524
98620,ZCTA5 98620,blck_pop,103,124
98620,ZCTA5 98620,total_population,7669,544
98620,ZCTA5 98620,med_income,21294,3925
98621,ZCTA5 98621,wht_pop,260,92
98621,ZCTA5 98621,blck_pop,0,12
98621,ZCTA5 98621,total_population,269,92
98621,ZCTA5 98621,med_income,32778,26071
98624,ZCTA5 98624,wht_pop,1568,312
98624,ZCTA5 98624,blck_pop,3,7
98624,ZCTA5 98624,total_population,1633,316
98624,ZCTA5 98624,med_income,27057,5227
98625,ZCTA5 98625,wht_pop,6385,623
98625,ZCTA5 98625,blck_pop,0,17
98625,ZCTA5 98625,total_population,6716,634
98625,ZCTA5 98625,med_income,37714,4265
98626,ZCTA5 98626,wht_pop,21890,1081
98626,ZCTA5 98626,blck_pop,160,80
98626,ZCTA5 98626,total_population,24643,956
98626,ZCTA5 98626,med_income,27504,2150
98628,ZCTA5 98628,wht_pop,252,83
98628,ZCTA5 98628,blck_pop,0,12
98628,ZCTA5 98628,total_population,263,87
98628,ZCTA5 98628,med_income,20536,3834
98629,ZCTA5 98629,wht_pop,8532,595
98629,ZCTA5 98629,blck_pop,116,99
98629,ZCTA5 98629,total_population,9154,596
98629,ZCTA5 98629,med_income,43096,2370
98631,ZCTA5 98631,wht_pop,3044,419
98631,ZCTA5 98631,blck_pop,5,9
98631,ZCTA5 98631,total_population,3256,424
98631,ZCTA5 98631,med_income,23067,2353
98632,ZCTA5 98632,wht_pop,44674,1141
98632,ZCTA5 98632,blck_pop,531,195
98632,ZCTA5 98632,total_population,51504,1160
98632,ZCTA5 98632,med_income,26038,939
98635,ZCTA5 98635,wht_pop,1565,321
98635,ZCTA5 98635,blck_pop,0,12
98635,ZCTA5 98635,total_population,1621,327
98635,ZCTA5 98635,med_income,24727,7555
98638,ZCTA5 98638,wht_pop,1224,217
98638,ZCTA5 98638,blck_pop,34,25
98638,ZCTA5 98638,total_population,1371,224
98638,ZCTA5 98638,med_income,34461,4115
98639,ZCTA5 98639,wht_pop,929,162
98639,ZCTA5 98639,blck_pop,0,12
98639,ZCTA5 98639,total_population,977,165
98639,ZCTA5 98639,med_income,31443,2626
98640,ZCTA5 98640,wht_pop,4103,499
98640,ZCTA5 98640,blck_pop,1,4
98640,ZCTA5 98640,total_population,4576,562
98640,ZCTA5 98640,med_income,23593,2895
98641,ZCTA5 98641,wht_pop,23,37
98641,ZCTA5 98641,blck_pop,0,12
98641,ZCTA5 98641,total_population,23,37
98641,ZCTA5 98641,med_income,NA,NA
98642,ZCTA5 98642,wht_pop,18077,734
98642,ZCTA5 98642,blck_pop,380,207
98642,ZCTA5 98642,total_population,19957,744
98642,ZCTA5 98642,med_income,44402,2402
98643,ZCTA5 98643,wht_pop,404,165
98643,ZCTA5 98643,blck_pop,17,25
98643,ZCTA5 98643,total_population,464,182
98643,ZCTA5 98643,med_income,34205,17470
98644,ZCTA5 98644,wht_pop,431,202
98644,ZCTA5 98644,blck_pop,9,16
98644,ZCTA5 98644,total_population,495,226
98644,ZCTA5 98644,med_income,28581,14540
98645,ZCTA5 98645,wht_pop,1240,228
98645,ZCTA5 98645,blck_pop,0,12
98645,ZCTA5 98645,total_population,1490,321
98645,ZCTA5 98645,med_income,32692,8121
98647,ZCTA5 98647,wht_pop,261,127
98647,ZCTA5 98647,blck_pop,0,12
98647,ZCTA5 98647,total_population,308,132
98647,ZCTA5 98647,med_income,13008,2161
98648,ZCTA5 98648,wht_pop,2973,272
98648,ZCTA5 98648,blck_pop,2,3
98648,ZCTA5 98648,total_population,3243,272
98648,ZCTA5 98648,med_income,26848,2121
98649,ZCTA5 98649,wht_pop,745,210
98649,ZCTA5 98649,blck_pop,23,32
98649,ZCTA5 98649,total_population,941,247
98649,ZCTA5 98649,med_income,24318,4118
98650,ZCTA5 98650,wht_pop,859,198
98650,ZCTA5 98650,blck_pop,0,12
98650,ZCTA5 98650,total_population,946,208
98650,ZCTA5 98650,med_income,35050,8305
98651,ZCTA5 98651,wht_pop,784,111
98651,ZCTA5 98651,blck_pop,0,12
98651,ZCTA5 98651,total_population,800,115
98651,ZCTA5 98651,med_income,43750,15061
98660,ZCTA5 98660,wht_pop,10481,636
98660,ZCTA5 98660,blck_pop,491,135
98660,ZCTA5 98660,total_population,12588,521
98660,ZCTA5 98660,med_income,28624,3462
98661,ZCTA5 98661,wht_pop,36006,1508
98661,ZCTA5 98661,blck_pop,2038,484
98661,ZCTA5 98661,total_population,48063,1329
98661,ZCTA5 98661,med_income,30383,1458
98662,ZCTA5 98662,wht_pop,27464,1102
98662,ZCTA5 98662,blck_pop,628,262
98662,ZCTA5 98662,total_population,33152,1129
98662,ZCTA5 98662,med_income,32204,1511
98663,ZCTA5 98663,wht_pop,11911,580
98663,ZCTA5 98663,blck_pop,276,134
98663,ZCTA5 98663,total_population,14430,604
98663,ZCTA5 98663,med_income,35080,2674
98664,ZCTA5 98664,wht_pop,19625,947
98664,ZCTA5 98664,blck_pop,246,183
98664,ZCTA5 98664,total_population,23421,912
98664,ZCTA5 98664,med_income,33138,2091
98665,ZCTA5 98665,wht_pop,21984,955
98665,ZCTA5 98665,blck_pop,443,232
98665,ZCTA5 98665,total_population,26518,887
98665,ZCTA5 98665,med_income,31766,1012
98670,ZCTA5 98670,wht_pop,37,22
98670,ZCTA5 98670,blck_pop,0,12
98670,ZCTA5 98670,total_population,39,23
98670,ZCTA5 98670,med_income,10250,5162
98671,ZCTA5 98671,wht_pop,20765,852
98671,ZCTA5 98671,blck_pop,344,208
98671,ZCTA5 98671,total_population,23058,602
98671,ZCTA5 98671,med_income,40611,2135
98672,ZCTA5 98672,wht_pop,6603,575
98672,ZCTA5 98672,blck_pop,2,4
98672,ZCTA5 98672,total_population,6874,554
98672,ZCTA5 98672,med_income,29593,3578
98673,ZCTA5 98673,wht_pop,484,148
98673,ZCTA5 98673,blck_pop,0,12
98673,ZCTA5 98673,total_population,578,159
98673,ZCTA5 98673,med_income,14318,10332
98674,ZCTA5 98674,wht_pop,11996,847
98674,ZCTA5 98674,blck_pop,113,94
98674,ZCTA5 98674,total_population,12919,870
98674,ZCTA5 98674,med_income,30623,3922
98675,ZCTA5 98675,wht_pop,6706,658
98675,ZCTA5 98675,blck_pop,129,91
98675,ZCTA5 98675,total_population,7159,685
98675,ZCTA5 98675,med_income,32798,3982
98682,ZCTA5 98682,wht_pop,49906,1563
98682,ZCTA5 98682,blck_pop,948,270
98682,ZCTA5 98682,total_population,60887,1412
98682,ZCTA5 98682,med_income,35168,1292
98683,ZCTA5 98683,wht_pop,26996,1110
98683,ZCTA5 98683,blck_pop,557,230
98683,ZCTA5 98683,total_population,33219,987
98683,ZCTA5 98683,med_income,37743,2197
98684,ZCTA5 98684,wht_pop,23593,1251
98684,ZCTA5 98684,blck_pop,615,307
98684,ZCTA5 98684,total_population,29396,1443
98684,ZCTA5 98684,med_income,33976,1620
98685,ZCTA5 98685,wht_pop,25928,977
98685,ZCTA5 98685,blck_pop,543,292
98685,ZCTA5 98685,total_population,29792,894
98685,ZCTA5 98685,med_income,44094,4424
98686,ZCTA5 98686,wht_pop,18291,920
98686,ZCTA5 98686,blck_pop,152,110
98686,ZCTA5 98686,total_population,20504,904
98686,ZCTA5 98686,med_income,41232,1331
98801,ZCTA5 98801,wht_pop,32402,1483
98801,ZCTA5 98801,blck_pop,427,196
98801,ZCTA5 98801,total_population,43366,1014
98801,ZCTA5 98801,med_income,28953,1673
98802,ZCTA5 98802,wht_pop,23284,708
98802,ZCTA5 98802,blck_pop,191,93
98802,ZCTA5 98802,total_population,31422,641
98802,ZCTA5 98802,med_income,31857,1419
98811,ZCTA5 98811,wht_pop,105,71
98811,ZCTA5 98811,blck_pop,0,12
98811,ZCTA5 98811,total_population,207,144
98811,ZCTA5 98811,med_income,39338,12851
98812,ZCTA5 98812,wht_pop,2397,467
98812,ZCTA5 98812,blck_pop,37,65
98812,ZCTA5 98812,total_population,5153,665
98812,ZCTA5 98812,med_income,24567,2278
98813,ZCTA5 98813,wht_pop,558,229
98813,ZCTA5 98813,blck_pop,0,12
98813,ZCTA5 98813,total_population,2836,165
98813,ZCTA5 98813,med_income,23868,2605
98814,ZCTA5 98814,wht_pop,792,249
98814,ZCTA5 98814,blck_pop,0,12
98814,ZCTA5 98814,total_population,814,255
98814,ZCTA5 98814,med_income,26520,17570
98815,ZCTA5 98815,wht_pop,7005,715
98815,ZCTA5 98815,blck_pop,0,17
98815,ZCTA5 98815,total_population,7622,735
98815,ZCTA5 98815,med_income,26972,3843
98816,ZCTA5 98816,wht_pop,5254,773
98816,ZCTA5 98816,blck_pop,0,17
98816,ZCTA5 98816,total_population,6007,653
98816,ZCTA5 98816,med_income,26915,3476
98817,ZCTA5 98817,wht_pop,177,111
98817,ZCTA5 98817,blck_pop,0,12
98817,ZCTA5 98817,total_population,177,111
98817,ZCTA5 98817,med_income,46343,34014
98819,ZCTA5 98819,wht_pop,163,44
98819,ZCTA5 98819,blck_pop,0,12
98819,ZCTA5 98819,total_population,183,51
98819,ZCTA5 98819,med_income,25893,13148
98821,ZCTA5 98821,wht_pop,141,125
98821,ZCTA5 98821,blck_pop,0,12
98821,ZCTA5 98821,total_population,306,276
98821,ZCTA5 98821,med_income,41179,2369
98822,ZCTA5 98822,wht_pop,1694,223
98822,ZCTA5 98822,blck_pop,0,12
98822,ZCTA5 98822,total_population,1848,225
98822,ZCTA5 98822,med_income,26544,4929
98823,ZCTA5 98823,wht_pop,9298,606
98823,ZCTA5 98823,blck_pop,41,55
98823,ZCTA5 98823,total_population,11304,492
98823,ZCTA5 98823,med_income,32021,3964
98824,ZCTA5 98824,wht_pop,158,120
98824,ZCTA5 98824,blck_pop,0,12
98824,ZCTA5 98824,total_population,467,186
98824,ZCTA5 98824,med_income,17230,3917
98826,ZCTA5 98826,wht_pop,7189,711
98826,ZCTA5 98826,blck_pop,58,62
98826,ZCTA5 98826,total_population,7520,729
98826,ZCTA5 98826,med_income,34953,6401
98827,ZCTA5 98827,wht_pop,291,155
98827,ZCTA5 98827,blck_pop,0,12
98827,ZCTA5 98827,total_population,568,389
98827,ZCTA5 98827,med_income,23363,9183
98828,ZCTA5 98828,wht_pop,2154,390
98828,ZCTA5 98828,blck_pop,0,12
98828,ZCTA5 98828,total_population,2473,436
98828,ZCTA5 98828,med_income,28545,5759
98829,ZCTA5 98829,wht_pop,353,146
98829,ZCTA5 98829,blck_pop,7,16
98829,ZCTA5 98829,total_population,616,268
98829,ZCTA5 98829,med_income,15188,1945
98830,ZCTA5 98830,wht_pop,525,111
98830,ZCTA5 98830,blck_pop,0,12
98830,ZCTA5 98830,total_population,572,128
98830,ZCTA5 98830,med_income,30417,8914
98831,ZCTA5 98831,wht_pop,2101,396
98831,ZCTA5 98831,blck_pop,7,19
98831,ZCTA5 98831,total_population,3193,588
98831,ZCTA5 98831,med_income,26716,2491
98832,ZCTA5 98832,wht_pop,190,85
98832,ZCTA5 98832,blck_pop,0,12
98832,ZCTA5 98832,total_population,206,87
98832,ZCTA5 98832,med_income,40333,15685
98833,ZCTA5 98833,wht_pop,121,71
98833,ZCTA5 98833,blck_pop,0,12
98833,ZCTA5 98833,total_population,139,77
98833,ZCTA5 98833,med_income,25938,12323
98834,ZCTA5 98834,wht_pop,199,85
98834,ZCTA5 98834,blck_pop,0,12
98834,ZCTA5 98834,total_population,199,85
98834,ZCTA5 98834,med_income,33534,4436
98836,ZCTA5 98836,wht_pop,634,334
98836,ZCTA5 98836,blck_pop,0,12
98836,ZCTA5 98836,total_population,1051,554
98836,ZCTA5 98836,med_income,24311,13921
98837,ZCTA5 98837,wht_pop,33894,1202
98837,ZCTA5 98837,blck_pop,702,255
98837,ZCTA5 98837,total_population,44136,1215
98837,ZCTA5 98837,med_income,26623,884
98840,ZCTA5 98840,wht_pop,3628,520
98840,ZCTA5 98840,blck_pop,30,28
98840,ZCTA5 98840,total_population,4862,474
98840,ZCTA5 98840,med_income,26083,2515
98841,ZCTA5 98841,wht_pop,6498,687
98841,ZCTA5 98841,blck_pop,20,34
98841,ZCTA5 98841,total_population,9289,660
98841,ZCTA5 98841,med_income,26516,2276
98843,ZCTA5 98843,wht_pop,906,223
98843,ZCTA5 98843,blck_pop,8,13
98843,ZCTA5 98843,total_population,1840,322
98843,ZCTA5 98843,med_income,27641,3192
98844,ZCTA5 98844,wht_pop,3588,498
98844,ZCTA5 98844,blck_pop,0,12
98844,ZCTA5 98844,total_population,4252,525
98844,ZCTA5 98844,med_income,24614,2455
98845,ZCTA5 98845,wht_pop,254,87
98845,ZCTA5 98845,blck_pop,0,12
98845,ZCTA5 98845,total_population,345,98
98845,ZCTA5 98845,med_income,25398,3874
98846,ZCTA5 98846,wht_pop,777,210
98846,ZCTA5 98846,blck_pop,7,10
98846,ZCTA5 98846,total_population,1255,319
98846,ZCTA5 98846,med_income,26230,4076
98847,ZCTA5 98847,wht_pop,2399,804
98847,ZCTA5 98847,blck_pop,0,12
98847,ZCTA5 98847,total_population,2446,799
98847,ZCTA5 98847,med_income,26721,9411
98848,ZCTA5 98848,wht_pop,6337,914
98848,ZCTA5 98848,blck_pop,0,19
98848,ZCTA5 98848,total_population,12299,662
98848,ZCTA5 98848,med_income,26612,1906
98849,ZCTA5 98849,wht_pop,947,383
98849,ZCTA5 98849,blck_pop,1,2
98849,ZCTA5 98849,total_population,1318,427
98849,ZCTA5 98849,med_income,27288,8289
98850,ZCTA5 98850,wht_pop,1012,293
98850,ZCTA5 98850,blck_pop,4,5
98850,ZCTA5 98850,total_population,1661,383
98850,ZCTA5 98850,med_income,22431,2390
98851,ZCTA5 98851,wht_pop,4033,711
98851,ZCTA5 98851,blck_pop,18,26
98851,ZCTA5 98851,total_population,4874,725
98851,ZCTA5 98851,med_income,23385,1822
98852,ZCTA5 98852,wht_pop,15,16
98852,ZCTA5 98852,blck_pop,0,12
98852,ZCTA5 98852,total_population,15,16
98852,ZCTA5 98852,med_income,33333,11388
98853,ZCTA5 98853,wht_pop,14,23
98853,ZCTA5 98853,blck_pop,0,12
98853,ZCTA5 98853,total_population,14,23
98853,ZCTA5 98853,med_income,NA,NA
98855,ZCTA5 98855,wht_pop,4895,572
98855,ZCTA5 98855,blck_pop,69,140
98855,ZCTA5 98855,total_population,6057,634
98855,ZCTA5 98855,med_income,20971,1513
98856,ZCTA5 98856,wht_pop,2436,371
98856,ZCTA5 98856,blck_pop,2,4
98856,ZCTA5 98856,total_population,2561,389
98856,ZCTA5 98856,med_income,26688,7038
98857,ZCTA5 98857,wht_pop,1821,254
98857,ZCTA5 98857,blck_pop,4,6
98857,ZCTA5 98857,total_population,3595,171
98857,ZCTA5 98857,med_income,24403,2596
98858,ZCTA5 98858,wht_pop,1705,258
98858,ZCTA5 98858,blck_pop,0,12
98858,ZCTA5 98858,total_population,1938,320
98858,ZCTA5 98858,med_income,30833,3527
98859,ZCTA5 98859,wht_pop,174,123
98859,ZCTA5 98859,blck_pop,0,12
98859,ZCTA5 98859,total_population,174,123
98859,ZCTA5 98859,med_income,33214,13756
98860,ZCTA5 98860,wht_pop,219,81
98860,ZCTA5 98860,blck_pop,0,12
98860,ZCTA5 98860,total_population,235,81
98860,ZCTA5 98860,med_income,26111,9753
98862,ZCTA5 98862,wht_pop,2394,361
98862,ZCTA5 98862,blck_pop,1,2
98862,ZCTA5 98862,total_population,2461,367
98862,ZCTA5 98862,med_income,34436,3991
98901,ZCTA5 98901,wht_pop,23901,1184
98901,ZCTA5 98901,blck_pop,1160,617
98901,ZCTA5 98901,total_population,32358,1295
98901,ZCTA5 98901,med_income,21524,827
98902,ZCTA5 98902,wht_pop,33540,1706
98902,ZCTA5 98902,blck_pop,711,282
98902,ZCTA5 98902,total_population,46130,1348
98902,ZCTA5 98902,med_income,24385,1457
98903,ZCTA5 98903,wht_pop,11375,811
98903,ZCTA5 98903,blck_pop,0,19
98903,ZCTA5 98903,total_population,14086,742
98903,ZCTA5 98903,med_income,26218,1974
98908,ZCTA5 98908,wht_pop,30593,1252
98908,ZCTA5 98908,blck_pop,197,118
98908,ZCTA5 98908,total_population,36965,1381
98908,ZCTA5 98908,med_income,31783,954
98921,ZCTA5 98921,wht_pop,127,196
98921,ZCTA5 98921,blck_pop,0,12
98921,ZCTA5 98921,total_population,127,196
98921,ZCTA5 98921,med_income,NA,NA
98922,ZCTA5 98922,wht_pop,6367,622
98922,ZCTA5 98922,blck_pop,0,17
98922,ZCTA5 98922,total_population,6607,625
98922,ZCTA5 98922,med_income,28915,1777
98923,ZCTA5 98923,wht_pop,530,331
98923,ZCTA5 98923,blck_pop,0,12
98923,ZCTA5 98923,total_population,1215,595
98923,ZCTA5 98923,med_income,25348,7653
98925,ZCTA5 98925,wht_pop,481,143
98925,ZCTA5 98925,blck_pop,0,12
98925,ZCTA5 98925,total_population,532,157
98925,ZCTA5 98925,med_income,42083,20115
98926,ZCTA5 98926,wht_pop,30081,796
98926,ZCTA5 98926,blck_pop,367,125
98926,ZCTA5 98926,total_population,34725,703
98926,ZCTA5 98926,med_income,23395,1602
98929,ZCTA5 98929,wht_pop,0,12
98929,ZCTA5 98929,blck_pop,0,12
98929,ZCTA5 98929,total_population,0,12
98929,ZCTA5 98929,med_income,NA,NA
98930,ZCTA5 98930,wht_pop,12905,1116
98930,ZCTA5 98930,blck_pop,36,61
98930,ZCTA5 98930,total_population,15627,1084
98930,ZCTA5 98930,med_income,25123,2271
98932,ZCTA5 98932,wht_pop,4776,561
98932,ZCTA5 98932,blck_pop,29,38
98932,ZCTA5 98932,total_population,5442,559
98932,ZCTA5 98932,med_income,23994,2112
98933,ZCTA5 98933,wht_pop,692,110
98933,ZCTA5 98933,blck_pop,5,8
98933,ZCTA5 98933,total_population,1051,145
98933,ZCTA5 98933,med_income,27097,4648
98934,ZCTA5 98934,wht_pop,1031,310
98934,ZCTA5 98934,blck_pop,0,12
98934,ZCTA5 98934,total_population,1166,332
98934,ZCTA5 98934,med_income,30978,1801
98935,ZCTA5 98935,wht_pop,3544,657
98935,ZCTA5 98935,blck_pop,0,12
98935,ZCTA5 98935,total_population,4035,629
98935,ZCTA5 98935,med_income,20610,1528
98936,ZCTA5 98936,wht_pop,4828,744
98936,ZCTA5 98936,blck_pop,105,134
98936,ZCTA5 98936,total_population,6752,595
98936,ZCTA5 98936,med_income,32334,3817
98937,ZCTA5 98937,wht_pop,3356,439
98937,ZCTA5 98937,blck_pop,40,35
98937,ZCTA5 98937,total_population,4031,429
98937,ZCTA5 98937,med_income,30906,2160
98938,ZCTA5 98938,wht_pop,2579,867
98938,ZCTA5 98938,blck_pop,0,12
98938,ZCTA5 98938,total_population,2777,848
98938,ZCTA5 98938,med_income,20978,1581
98939,ZCTA5 98939,wht_pop,83,49
98939,ZCTA5 98939,blck_pop,0,12
98939,ZCTA5 98939,total_population,91,45
98939,ZCTA5 98939,med_income,8879,4462
98940,ZCTA5 98940,wht_pop,241,174
98940,ZCTA5 98940,blck_pop,0,12
98940,ZCTA5 98940,total_population,241,174
98940,ZCTA5 98940,med_income,31340,5398
98941,ZCTA5 98941,wht_pop,525,181
98941,ZCTA5 98941,blck_pop,0,12
98941,ZCTA5 98941,total_population,539,185
98941,ZCTA5 98941,med_income,NA,NA
98942,ZCTA5 98942,wht_pop,15189,812
98942,ZCTA5 98942,blck_pop,240,193
98942,ZCTA5 98942,total_population,17425,687
98942,ZCTA5 98942,med_income,34421,2938
98943,ZCTA5 98943,wht_pop,908,250
98943,ZCTA5 98943,blck_pop,0,12
98943,ZCTA5 98943,total_population,1015,291
98943,ZCTA5 98943,med_income,30225,5576
98944,ZCTA5 98944,wht_pop,20866,1329
98944,ZCTA5 98944,blck_pop,76,109
98944,ZCTA5 98944,total_population,23586,1198
98944,ZCTA5 98944,med_income,22618,1458
98946,ZCTA5 98946,wht_pop,553,148
98946,ZCTA5 98946,blck_pop,0,12
98946,ZCTA5 98946,total_population,563,149
98946,ZCTA5 98946,med_income,37386,8896
98947,ZCTA5 98947,wht_pop,2313,512
98947,ZCTA5 98947,blck_pop,290,273
98947,ZCTA5 98947,total_population,3672,599
98947,ZCTA5 98947,med_income,21821,2805
98948,ZCTA5 98948,wht_pop,9174,456
98948,ZCTA5 98948,blck_pop,27,22
98948,ZCTA5 98948,total_population,13251,409
98948,ZCTA5 98948,med_income,23523,1530
98950,ZCTA5 98950,wht_pop,46,45
98950,ZCTA5 98950,blck_pop,11,25
98950,ZCTA5 98950,total_population,57,46
98950,ZCTA5 98950,med_income,NA,NA
98951,ZCTA5 98951,wht_pop,6739,553
98951,ZCTA5 98951,blck_pop,2,5
98951,ZCTA5 98951,total_population,12721,561
98951,ZCTA5 98951,med_income,22651,1464
98952,ZCTA5 98952,wht_pop,542,144
98952,ZCTA5 98952,blck_pop,0,12
98952,ZCTA5 98952,total_population,2234,326
98952,ZCTA5 98952,med_income,19794,3242
98953,ZCTA5 98953,wht_pop,5758,660
98953,ZCTA5 98953,blck_pop,0,17
98953,ZCTA5 98953,total_population,7082,771
98953,ZCTA5 98953,med_income,27108,3881
99001,ZCTA5 99001,wht_pop,4909,332
99001,ZCTA5 99001,blck_pop,321,82
99001,ZCTA5 99001,total_population,7062,193
99001,ZCTA5 99001,med_income,16342,1427
99003,ZCTA5 99003,wht_pop,4289,544
99003,ZCTA5 99003,blck_pop,0,12
99003,ZCTA5 99003,total_population,4410,545
99003,ZCTA5 99003,med_income,33946,4886
99004,ZCTA5 99004,wht_pop,17738,913
99004,ZCTA5 99004,blck_pop,609,229
99004,ZCTA5 99004,total_population,20764,759
99004,ZCTA5 99004,med_income,22574,1835
99005,ZCTA5 99005,wht_pop,8454,674
99005,ZCTA5 99005,blck_pop,5,10
99005,ZCTA5 99005,total_population,8948,691
99005,ZCTA5 99005,med_income,36976,7684
99006,ZCTA5 99006,wht_pop,12310,1093
99006,ZCTA5 99006,blck_pop,14,23
99006,ZCTA5 99006,total_population,12818,1118
99006,ZCTA5 99006,med_income,30716,2254
99008,ZCTA5 99008,wht_pop,1096,555
99008,ZCTA5 99008,blck_pop,0,12
99008,ZCTA5 99008,total_population,1105,555
99008,ZCTA5 99008,med_income,17325,12272
99009,ZCTA5 99009,wht_pop,3845,742
99009,ZCTA5 99009,blck_pop,0,12
99009,ZCTA5 99009,total_population,4091,762
99009,ZCTA5 99009,med_income,29744,1928
99011,ZCTA5 99011,wht_pop,2313,321
99011,ZCTA5 99011,blck_pop,473,200
99011,ZCTA5 99011,total_population,3336,292
99011,ZCTA5 99011,med_income,24912,2479
99012,ZCTA5 99012,wht_pop,847,143
99012,ZCTA5 99012,blck_pop,0,12
99012,ZCTA5 99012,total_population,890,151
99012,ZCTA5 99012,med_income,31941,8747
99013,ZCTA5 99013,wht_pop,1056,357
99013,ZCTA5 99013,blck_pop,0,12
99013,ZCTA5 99013,total_population,1815,357
99013,ZCTA5 99013,med_income,21111,2285
99016,ZCTA5 99016,wht_pop,14241,1296
99016,ZCTA5 99016,blck_pop,153,138
99016,ZCTA5 99016,total_population,15804,1265
99016,ZCTA5 99016,med_income,39757,4078
99017,ZCTA5 99017,wht_pop,126,36
99017,ZCTA5 99017,blck_pop,0,12
99017,ZCTA5 99017,total_population,126,36
99017,ZCTA5 99017,med_income,29375,5942
99018,ZCTA5 99018,wht_pop,224,60
99018,ZCTA5 99018,blck_pop,0,12
99018,ZCTA5 99018,total_population,230,62
99018,ZCTA5 99018,med_income,23750,7680
99019,ZCTA5 99019,wht_pop,11081,630
99019,ZCTA5 99019,blck_pop,43,47
99019,ZCTA5 99019,total_population,12208,606
99019,ZCTA5 99019,med_income,47946,5145
99020,ZCTA5 99020,wht_pop,0,12
99020,ZCTA5 99020,blck_pop,0,12
99020,ZCTA5 99020,total_population,0,12
99020,ZCTA5 99020,med_income,NA,NA
99021,ZCTA5 99021,wht_pop,9796,897
99021,ZCTA5 99021,blck_pop,9,16
99021,ZCTA5 99021,total_population,10019,880
99021,ZCTA5 99021,med_income,32041,5033
99022,ZCTA5 99022,wht_pop,8014,848
99022,ZCTA5 99022,blck_pop,29,36
99022,ZCTA5 99022,total_population,8810,761
99022,ZCTA5 99022,med_income,31147,2226
99023,ZCTA5 99023,wht_pop,675,206
99023,ZCTA5 99023,blck_pop,0,12
99023,ZCTA5 99023,total_population,715,215
99023,ZCTA5 99023,med_income,47188,15113
99025,ZCTA5 99025,wht_pop,5110,547
99025,ZCTA5 99025,blck_pop,19,31
99025,ZCTA5 99025,total_population,5431,562
99025,ZCTA5 99025,med_income,37450,5690
99026,ZCTA5 99026,wht_pop,7941,797
99026,ZCTA5 99026,blck_pop,0,17
99026,ZCTA5 99026,total_population,8521,794
99026,ZCTA5 99026,med_income,31199,4370
99027,ZCTA5 99027,wht_pop,6027,651
99027,ZCTA5 99027,blck_pop,0,17
99027,ZCTA5 99027,total_population,6378,667
99027,ZCTA5 99027,med_income,30528,6463
99029,ZCTA5 99029,wht_pop,906,154
99029,ZCTA5 99029,blck_pop,0,12
99029,ZCTA5 99029,total_population,928,154
99029,ZCTA5 99029,med_income,40900,3032
99030,ZCTA5 99030,wht_pop,937,202
99030,ZCTA5 99030,blck_pop,0,12
99030,ZCTA5 99030,total_population,976,200
99030,ZCTA5 99030,med_income,31797,6814
99031,ZCTA5 99031,wht_pop,1387,255
99031,ZCTA5 99031,blck_pop,1,2
99031,ZCTA5 99031,total_population,1405,257
99031,ZCTA5 99031,med_income,37021,3926
99032,ZCTA5 99032,wht_pop,720,138
99032,ZCTA5 99032,blck_pop,0,12
99032,ZCTA5 99032,total_population,768,149
99032,ZCTA5 99032,med_income,25476,5983
99033,ZCTA5 99033,wht_pop,790,172
99033,ZCTA5 99033,blck_pop,0,12
99033,ZCTA5 99033,total_population,828,175
99033,ZCTA5 99033,med_income,33177,5051
99034,ZCTA5 99034,wht_pop,34,53
99034,ZCTA5 99034,blck_pop,0,12
99034,ZCTA5 99034,total_population,34,53
99034,ZCTA5 99034,med_income,NA,NA
99036,ZCTA5 99036,wht_pop,1665,314
99036,ZCTA5 99036,blck_pop,3,8
99036,ZCTA5 99036,total_population,1689,314
99036,ZCTA5 99036,med_income,50431,6005
99037,ZCTA5 99037,wht_pop,13154,832
99037,ZCTA5 99037,blck_pop,176,145
99037,ZCTA5 99037,total_population,14628,903
99037,ZCTA5 99037,med_income,32182,3447
99039,ZCTA5 99039,wht_pop,70,29
99039,ZCTA5 99039,blck_pop,0,12
99039,ZCTA5 99039,total_population,72,30
99039,ZCTA5 99039,med_income,23750,10006
99040,ZCTA5 99040,wht_pop,116,46
99040,ZCTA5 99040,blck_pop,9,14
99040,ZCTA5 99040,total_population,719,106
99040,ZCTA5 99040,med_income,18958,4199
99101,ZCTA5 99101,wht_pop,1284,252
99101,ZCTA5 99101,blck_pop,0,12
99101,ZCTA5 99101,total_population,1418,263
99101,ZCTA5 99101,med_income,22975,4622
99102,ZCTA5 99102,wht_pop,510,146
99102,ZCTA5 99102,blck_pop,0,12
99102,ZCTA5 99102,total_population,528,148
99102,ZCTA5 99102,med_income,36094,10222
99103,ZCTA5 99103,wht_pop,504,106
99103,ZCTA5 99103,blck_pop,3,5
99103,ZCTA5 99103,total_population,523,108
99103,ZCTA5 99103,med_income,38824,9407
99105,ZCTA5 99105,wht_pop,37,18
99105,ZCTA5 99105,blck_pop,0,12
99105,ZCTA5 99105,total_population,37,18
99105,ZCTA5 99105,med_income,25833,7329
99109,ZCTA5 99109,wht_pop,4636,390
99109,ZCTA5 99109,blck_pop,75,57
99109,ZCTA5 99109,total_population,5103,347
99109,ZCTA5 99109,med_income,22723,2065
99110,ZCTA5 99110,wht_pop,1670,427
99110,ZCTA5 99110,blck_pop,0,12
99110,ZCTA5 99110,total_population,1839,463
99110,ZCTA5 99110,med_income,26900,7010
99111,ZCTA5 99111,wht_pop,4098,270
99111,ZCTA5 99111,blck_pop,0,12
99111,ZCTA5 99111,total_population,4234,261
99111,ZCTA5 99111,med_income,30361,2564
99113,ZCTA5 99113,wht_pop,709,145
99113,ZCTA5 99113,blck_pop,0,12
99113,ZCTA5 99113,total_population,739,152
99113,ZCTA5 99113,med_income,33472,8924
99114,ZCTA5 99114,wht_pop,11888,625
99114,ZCTA5 99114,blck_pop,16,18
99114,ZCTA5 99114,total_population,12876,558
99114,ZCTA5 99114,med_income,24478,2102
99115,ZCTA5 99115,wht_pop,999,173
99115,ZCTA5 99115,blck_pop,44,77
99115,ZCTA5 99115,total_population,1060,193
99115,ZCTA5 99115,med_income,27287,6103
99116,ZCTA5 99116,wht_pop,749,99
99116,ZCTA5 99116,blck_pop,12,20
99116,ZCTA5 99116,total_population,1521,169
99116,ZCTA5 99116,med_income,37177,5859
99117,ZCTA5 99117,wht_pop,442,81
99117,ZCTA5 99117,blck_pop,0,12
99117,ZCTA5 99117,total_population,461,86
99117,ZCTA5 99117,med_income,30469,5981
99118,ZCTA5 99118,wht_pop,622,174
99118,ZCTA5 99118,blck_pop,0,12
99118,ZCTA5 99118,total_population,718,192
99118,ZCTA5 99118,med_income,21488,4007
99119,ZCTA5 99119,wht_pop,912,186
99119,ZCTA5 99119,blck_pop,2,4
99119,ZCTA5 99119,total_population,1218,223
99119,ZCTA5 99119,med_income,30855,8812
99121,ZCTA5 99121,wht_pop,162,93
99121,ZCTA5 99121,blck_pop,0,12
99121,ZCTA5 99121,total_population,217,110
99121,ZCTA5 99121,med_income,25238,13310
99122,ZCTA5 99122,wht_pop,3861,242
99122,ZCTA5 99122,blck_pop,6,9
99122,ZCTA5 99122,total_population,4122,250
99122,ZCTA5 99122,med_income,31951,3044
99123,ZCTA5 99123,wht_pop,750,190
99123,ZCTA5 99123,blck_pop,0,12
99123,ZCTA5 99123,total_population,918,212
99123,ZCTA5 99123,med_income,25513,6017
99124,ZCTA5 99124,wht_pop,130,28
99124,ZCTA5 99124,blck_pop,0,12
99124,ZCTA5 99124,total_population,271,63
99124,ZCTA5 99124,med_income,28333,8982
99125,ZCTA5 99125,wht_pop,606,126
99125,ZCTA5 99125,blck_pop,0,12
99125,ZCTA5 99125,total_population,608,126
99125,ZCTA5 99125,med_income,23289,4512
99126,ZCTA5 99126,wht_pop,1183,529
99126,ZCTA5 99126,blck_pop,0,12
99126,ZCTA5 99126,total_population,1347,557
99126,ZCTA5 99126,med_income,27282,5926
99128,ZCTA5 99128,wht_pop,313,101
99128,ZCTA5 99128,blck_pop,0,12
99128,ZCTA5 99128,total_population,337,107
99128,ZCTA5 99128,med_income,31042,7883
99129,ZCTA5 99129,wht_pop,326,58
99129,ZCTA5 99129,blck_pop,0,12
99129,ZCTA5 99129,total_population,746,105
99129,ZCTA5 99129,med_income,19500,7368
99130,ZCTA5 99130,wht_pop,899,142
99130,ZCTA5 99130,blck_pop,0,12
99130,ZCTA5 99130,total_population,928,143
99130,ZCTA5 99130,med_income,28750,4764
99131,ZCTA5 99131,wht_pop,171,58
99131,ZCTA5 99131,blck_pop,0,12
99131,ZCTA5 99131,total_population,176,58
99131,ZCTA5 99131,med_income,28750,10573
99133,ZCTA5 99133,wht_pop,1340,236
99133,ZCTA5 99133,blck_pop,1,3
99133,ZCTA5 99133,total_population,1756,286
99133,ZCTA5 99133,med_income,21754,3890
99134,ZCTA5 99134,wht_pop,495,115
99134,ZCTA5 99134,blck_pop,12,19
99134,ZCTA5 99134,total_population,542,122
99134,ZCTA5 99134,med_income,28274,4039
99135,ZCTA5 99135,wht_pop,296,91
99135,ZCTA5 99135,blck_pop,0,12
99135,ZCTA5 99135,total_population,301,92
99135,ZCTA5 99135,med_income,33000,10872
99136,ZCTA5 99136,wht_pop,17,10
99136,ZCTA5 99136,blck_pop,0,12
99136,ZCTA5 99136,total_population,17,10
99136,ZCTA5 99136,med_income,31250,20621
99137,ZCTA5 99137,wht_pop,308,97
99137,ZCTA5 99137,blck_pop,0,12
99137,ZCTA5 99137,total_population,327,99
99137,ZCTA5 99137,med_income,26458,7818
99138,ZCTA5 99138,wht_pop,378,87
99138,ZCTA5 99138,blck_pop,0,12
99138,ZCTA5 99138,total_population,1135,112
99138,ZCTA5 99138,med_income,21525,2275
99139,ZCTA5 99139,wht_pop,1260,245
99139,ZCTA5 99139,blck_pop,0,12
99139,ZCTA5 99139,total_population,1301,251
99139,ZCTA5 99139,med_income,30625,8110
99140,ZCTA5 99140,wht_pop,116,32
99140,ZCTA5 99140,blck_pop,0,12
99140,ZCTA5 99140,total_population,432,71
99140,ZCTA5 99140,med_income,21250,3956
99141,ZCTA5 99141,wht_pop,5139,481
99141,ZCTA5 99141,blck_pop,15,21
99141,ZCTA5 99141,total_population,5396,468
99141,ZCTA5 99141,med_income,27460,3741
99143,ZCTA5 99143,wht_pop,654,115
99143,ZCTA5 99143,blck_pop,0,12
99143,ZCTA5 99143,total_population,691,119
99143,ZCTA5 99143,med_income,29531,4429
99144,ZCTA5 99144,wht_pop,18,14
99144,ZCTA5 99144,blck_pop,0,12
99144,ZCTA5 99144,total_population,18,14
99144,ZCTA5 99144,med_income,18125,9835
99146,ZCTA5 99146,wht_pop,24,23
99146,ZCTA5 99146,blck_pop,0,12
99146,ZCTA5 99146,total_population,24,23
99146,ZCTA5 99146,med_income,17019,6731
99147,ZCTA5 99147,wht_pop,117,34
99147,ZCTA5 99147,blck_pop,0,12
99147,ZCTA5 99147,total_population,123,36
99147,ZCTA5 99147,med_income,39000,6693
99148,ZCTA5 99148,wht_pop,1824,248
99148,ZCTA5 99148,blck_pop,0,12
99148,ZCTA5 99148,total_population,1928,256
99148,ZCTA5 99148,med_income,27773,2972
99149,ZCTA5 99149,wht_pop,283,73
99149,ZCTA5 99149,blck_pop,0,12
99149,ZCTA5 99149,total_population,299,74
99149,ZCTA5 99149,med_income,18603,3257
99150,ZCTA5 99150,wht_pop,308,114
99150,ZCTA5 99150,blck_pop,0,12
99150,ZCTA5 99150,total_population,362,134
99150,ZCTA5 99150,med_income,22386,20792
99151,ZCTA5 99151,wht_pop,94,54
99151,ZCTA5 99151,blck_pop,0,12
99151,ZCTA5 99151,total_population,102,58
99151,ZCTA5 99151,med_income,21250,5797
99152,ZCTA5 99152,wht_pop,96,56
99152,ZCTA5 99152,blck_pop,0,12
99152,ZCTA5 99152,total_population,105,55
99152,ZCTA5 99152,med_income,34167,6856
99153,ZCTA5 99153,wht_pop,388,102
99153,ZCTA5 99153,blck_pop,0,12
99153,ZCTA5 99153,total_population,392,103
99153,ZCTA5 99153,med_income,34167,14754
99154,ZCTA5 99154,wht_pop,31,20
99154,ZCTA5 99154,blck_pop,0,12
99154,ZCTA5 99154,total_population,31,20
99154,ZCTA5 99154,med_income,NA,NA
99155,ZCTA5 99155,wht_pop,109,33
99155,ZCTA5 99155,blck_pop,0,12
99155,ZCTA5 99155,total_population,1007,163
99155,ZCTA5 99155,med_income,23582,2076
99156,ZCTA5 99156,wht_pop,8061,567
99156,ZCTA5 99156,blck_pop,47,47
99156,ZCTA5 99156,total_population,8608,580
99156,ZCTA5 99156,med_income,27675,3434
99157,ZCTA5 99157,wht_pop,700,159
99157,ZCTA5 99157,blck_pop,0,12
99157,ZCTA5 99157,total_population,736,164
99157,ZCTA5 99157,med_income,23750,5052
99158,ZCTA5 99158,wht_pop,592,105
99158,ZCTA5 99158,blck_pop,5,10
99158,ZCTA5 99158,total_population,606,109
99158,ZCTA5 99158,med_income,29539,4060
99159,ZCTA5 99159,wht_pop,1332,185
99159,ZCTA5 99159,blck_pop,42,38
99159,ZCTA5 99159,total_population,1524,211
99159,ZCTA5 99159,med_income,26620,3210
99160,ZCTA5 99160,wht_pop,94,47
99160,ZCTA5 99160,blck_pop,0,12
99160,ZCTA5 99160,total_population,112,57
99160,ZCTA5 99160,med_income,20667,5465
99161,ZCTA5 99161,wht_pop,1276,176
99161,ZCTA5 99161,blck_pop,13,16
99161,ZCTA5 99161,total_population,1391,190
99161,ZCTA5 99161,med_income,38112,3236
99163,ZCTA5 99163,wht_pop,27043,373
99163,ZCTA5 99163,blck_pop,1046,147
99163,ZCTA5 99163,total_population,35134,301
99163,ZCTA5 99163,med_income,13449,1233
99164,ZCTA5 99164,wht_pop,0,12
99164,ZCTA5 99164,blck_pop,0,12
99164,ZCTA5 99164,total_population,0,12
99164,ZCTA5 99164,med_income,NA,NA
99166,ZCTA5 99166,wht_pop,2770,224
99166,ZCTA5 99166,blck_pop,11,14
99166,ZCTA5 99166,total_population,3137,239
99166,ZCTA5 99166,med_income,22950,5362
99167,ZCTA5 99167,wht_pop,490,111
99167,ZCTA5 99167,blck_pop,8,13
99167,ZCTA5 99167,total_population,527,114
99167,ZCTA5 99167,med_income,22429,6128
99169,ZCTA5 99169,wht_pop,2289,192
99169,ZCTA5 99169,blck_pop,25,26
99169,ZCTA5 99169,total_population,2501,204
99169,ZCTA5 99169,med_income,28685,2110
99170,ZCTA5 99170,wht_pop,957,133
99170,ZCTA5 99170,blck_pop,0,12
99170,ZCTA5 99170,total_population,993,136
99170,ZCTA5 99170,med_income,30606,7079
99171,ZCTA5 99171,wht_pop,1111,152
99171,ZCTA5 99171,blck_pop,16,25
99171,ZCTA5 99171,total_population,1160,156
99171,ZCTA5 99171,med_income,31250,2469
99173,ZCTA5 99173,wht_pop,1392,293
99173,ZCTA5 99173,blck_pop,45,65
99173,ZCTA5 99173,total_population,1673,351
99173,ZCTA5 99173,med_income,17558,5720
99174,ZCTA5 99174,wht_pop,51,25
99174,ZCTA5 99174,blck_pop,4,5
99174,ZCTA5 99174,total_population,56,27
99174,ZCTA5 99174,med_income,28750,19227
99176,ZCTA5 99176,wht_pop,132,45
99176,ZCTA5 99176,blck_pop,0,12
99176,ZCTA5 99176,total_population,150,42
99176,ZCTA5 99176,med_income,33438,22829
99179,ZCTA5 99179,wht_pop,548,118
99179,ZCTA5 99179,blck_pop,0,12
99179,ZCTA5 99179,total_population,548,118
99179,ZCTA5 99179,med_income,35563,3833
99180,ZCTA5 99180,wht_pop,973,222
99180,ZCTA5 99180,blck_pop,0,12
99180,ZCTA5 99180,total_population,1301,264
99180,ZCTA5 99180,med_income,25172,7346
99181,ZCTA5 99181,wht_pop,1654,307
99181,ZCTA5 99181,blck_pop,24,43
99181,ZCTA5 99181,total_population,1738,314
99181,ZCTA5 99181,med_income,26667,4319
99185,ZCTA5 99185,wht_pop,1136,163
99185,ZCTA5 99185,blck_pop,26,21
99185,ZCTA5 99185,total_population,1252,160
99185,ZCTA5 99185,med_income,26426,1894
99201,ZCTA5 99201,wht_pop,10555,708
99201,ZCTA5 99201,blck_pop,418,245
99201,ZCTA5 99201,total_population,12886,857
99201,ZCTA5 99201,med_income,21017,2183
99202,ZCTA5 99202,wht_pop,17358,921
99202,ZCTA5 99202,blck_pop,726,315
99202,ZCTA5 99202,total_population,20909,901
99202,ZCTA5 99202,med_income,17122,2753
99203,ZCTA5 99203,wht_pop,19324,871
99203,ZCTA5 99203,blck_pop,253,200
99203,ZCTA5 99203,total_population,21174,898
99203,ZCTA5 99203,med_income,40175,2413
99204,ZCTA5 99204,wht_pop,5120,632
99204,ZCTA5 99204,blck_pop,148,143
99204,ZCTA5 99204,total_population,6542,558
99204,ZCTA5 99204,med_income,26651,2625
99205,ZCTA5 99205,wht_pop,38286,1017
99205,ZCTA5 99205,blck_pop,484,196
99205,ZCTA5 99205,total_population,43617,932
99205,ZCTA5 99205,med_income,30260,863
99206,ZCTA5 99206,wht_pop,34424,1133
99206,ZCTA5 99206,blck_pop,289,169
99206,ZCTA5 99206,total_population,38792,1299
99206,ZCTA5 99206,med_income,31612,996
99207,ZCTA5 99207,wht_pop,23967,1134
99207,ZCTA5 99207,blck_pop,1293,566
99207,ZCTA5 99207,total_population,30411,1341
99207,ZCTA5 99207,med_income,23329,1220
99208,ZCTA5 99208,wht_pop,48607,1163
99208,ZCTA5 99208,blck_pop,1012,330
99208,ZCTA5 99208,total_population,54917,1273
99208,ZCTA5 99208,med_income,30859,931
99212,ZCTA5 99212,wht_pop,18639,923
99212,ZCTA5 99212,blck_pop,210,200
99212,ZCTA5 99212,total_population,20409,927
99212,ZCTA5 99212,med_income,31861,1324
99216,ZCTA5 99216,wht_pop,22924,1041
99216,ZCTA5 99216,blck_pop,458,235
99216,ZCTA5 99216,total_population,25296,1042
99216,ZCTA5 99216,med_income,27149,1503
99217,ZCTA5 99217,wht_pop,14207,999
99217,ZCTA5 99217,blck_pop,119,90
99217,ZCTA5 99217,total_population,17544,1072
99217,ZCTA5 99217,med_income,28600,2010
99218,ZCTA5 99218,wht_pop,14830,829
99218,ZCTA5 99218,blck_pop,198,109
99218,ZCTA5 99218,total_population,16885,900
99218,ZCTA5 99218,med_income,22344,2234
99223,ZCTA5 99223,wht_pop,28072,1116
99223,ZCTA5 99223,blck_pop,618,316
99223,ZCTA5 99223,total_population,32213,1026
99223,ZCTA5 99223,med_income,39063,1774
99224,ZCTA5 99224,wht_pop,18947,1208
99224,ZCTA5 99224,blck_pop,363,262
99224,ZCTA5 99224,total_population,21695,1393
99224,ZCTA5 99224,med_income,33915,2853
99301,ZCTA5 99301,wht_pop,55947,1948
99301,ZCTA5 99301,blck_pop,1765,335
99301,ZCTA5 99301,total_population,79819,807
99301,ZCTA5 99301,med_income,30117,1041
99320,ZCTA5 99320,wht_pop,8584,637
99320,ZCTA5 99320,blck_pop,8,15
99320,ZCTA5 99320,total_population,9947,667
99320,ZCTA5 99320,med_income,31572,2202
99321,ZCTA5 99321,wht_pop,263,232
99321,ZCTA5 99321,blck_pop,0,12
99321,ZCTA5 99321,total_population,586,556
99321,ZCTA5 99321,med_income,NA,NA
99322,ZCTA5 99322,wht_pop,226,67
99322,ZCTA5 99322,blck_pop,0,12
99322,ZCTA5 99322,total_population,242,73
99322,ZCTA5 99322,med_income,33125,9666
99323,ZCTA5 99323,wht_pop,2939,293
99323,ZCTA5 99323,blck_pop,134,106
99323,ZCTA5 99323,total_population,3904,516
99323,ZCTA5 99323,med_income,35852,7022
99324,ZCTA5 99324,wht_pop,8201,455
99324,ZCTA5 99324,blck_pop,139,109
99324,ZCTA5 99324,total_population,9737,200
99324,ZCTA5 99324,med_income,25573,3955
99326,ZCTA5 99326,wht_pop,4190,512
99326,ZCTA5 99326,blck_pop,303,106
99326,ZCTA5 99326,total_population,6394,712
99326,ZCTA5 99326,med_income,18425,4622
99328,ZCTA5 99328,wht_pop,3332,119
99328,ZCTA5 99328,blck_pop,33,27
99328,ZCTA5 99328,total_population,3715,86
99328,ZCTA5 99328,med_income,32354,4795
99329,ZCTA5 99329,wht_pop,135,44
99329,ZCTA5 99329,blck_pop,0,12
99329,ZCTA5 99329,total_population,135,44
99329,ZCTA5 99329,med_income,27500,8824
99330,ZCTA5 99330,wht_pop,813,461
99330,ZCTA5 99330,blck_pop,0,12
99330,ZCTA5 99330,total_population,1073,527
99330,ZCTA5 99330,med_income,28563,11953
99333,ZCTA5 99333,wht_pop,40,34
99333,ZCTA5 99333,blck_pop,0,12
99333,ZCTA5 99333,total_population,40,34
99333,ZCTA5 99333,med_income,18750,14558
99335,ZCTA5 99335,wht_pop,258,89
99335,ZCTA5 99335,blck_pop,0,12
99335,ZCTA5 99335,total_population,292,95
99335,ZCTA5 99335,med_income,27083,8006
99336,ZCTA5 99336,wht_pop,39245,1673
99336,ZCTA5 99336,blck_pop,1248,472
99336,ZCTA5 99336,total_population,51980,1412
99336,ZCTA5 99336,med_income,26784,830
99337,ZCTA5 99337,wht_pop,27677,1214
99337,ZCTA5 99337,blck_pop,340,226
99337,ZCTA5 99337,total_population,32411,1183
99337,ZCTA5 99337,med_income,32443,2514
99338,ZCTA5 99338,wht_pop,15087,1065
99338,ZCTA5 99338,blck_pop,207,207
99338,ZCTA5 99338,total_population,16553,1104
99338,ZCTA5 99338,med_income,48095,5391
99341,ZCTA5 99341,wht_pop,709,150
99341,ZCTA5 99341,blck_pop,0,12
99341,ZCTA5 99341,total_population,787,169
99341,ZCTA5 99341,med_income,27214,3895
99343,ZCTA5 99343,wht_pop,2872,778
99343,ZCTA5 99343,blck_pop,0,12
99343,ZCTA5 99343,total_population,3623,792
99343,ZCTA5 99343,med_income,26431,2779
99344,ZCTA5 99344,wht_pop,10777,909
99344,ZCTA5 99344,blck_pop,172,161
99344,ZCTA5 99344,total_population,17718,563
99344,ZCTA5 99344,med_income,23418,1806
99345,ZCTA5 99345,wht_pop,85,33
99345,ZCTA5 99345,blck_pop,0,12
99345,ZCTA5 99345,total_population,133,46
99345,ZCTA5 99345,med_income,39375,9479
99346,ZCTA5 99346,wht_pop,244,133
99346,ZCTA5 99346,blck_pop,0,12
99346,ZCTA5 99346,total_population,548,177
99346,ZCTA5 99346,med_income,25698,4100
99347,ZCTA5 99347,wht_pop,2048,92
99347,ZCTA5 99347,blck_pop,0,12
99347,ZCTA5 99347,total_population,2241,44
99347,ZCTA5 99347,med_income,27452,2760
99348,ZCTA5 99348,wht_pop,1037,301
99348,ZCTA5 99348,blck_pop,8,6
99348,ZCTA5 99348,total_population,1402,376
99348,ZCTA5 99348,med_income,25719,3509
99349,ZCTA5 99349,wht_pop,4001,760
99349,ZCTA5 99349,blck_pop,0,17
99349,ZCTA5 99349,total_population,9251,1248
99349,ZCTA5 99349,med_income,25220,1567
99350,ZCTA5 99350,wht_pop,9654,996
99350,ZCTA5 99350,blck_pop,120,117
99350,ZCTA5 99350,total_population,13488,834
99350,ZCTA5 99350,med_income,30112,3635
99352,ZCTA5 99352,wht_pop,27498,1033
99352,ZCTA5 99352,blck_pop,354,169
99352,ZCTA5 99352,total_population,31918,938
99352,ZCTA5 99352,med_income,40247,2441
99353,ZCTA5 99353,wht_pop,14163,524
99353,ZCTA5 99353,blck_pop,184,112
99353,ZCTA5 99353,total_population,16150,295
99353,ZCTA5 99353,med_income,43446,4482
99354,ZCTA5 99354,wht_pop,19764,908
99354,ZCTA5 99354,blck_pop,738,363
99354,ZCTA5 99354,total_population,23742,889
99354,ZCTA5 99354,med_income,38377,2898
99356,ZCTA5 99356,wht_pop,152,88
99356,ZCTA5 99356,blck_pop,0,12
99356,ZCTA5 99356,total_population,167,88
99356,ZCTA5 99356,med_income,26500,11872
99357,ZCTA5 99357,wht_pop,2182,528
99357,ZCTA5 99357,blck_pop,0,12
99357,ZCTA5 99357,total_population,4183,694
99357,ZCTA5 99357,med_income,23397,3794
99359,ZCTA5 99359,wht_pop,124,47
99359,ZCTA5 99359,blck_pop,3,5
99359,ZCTA5 99359,total_population,141,54
99359,ZCTA5 99359,med_income,23333,16151
99360,ZCTA5 99360,wht_pop,1378,280
99360,ZCTA5 99360,blck_pop,0,12
99360,ZCTA5 99360,total_population,1585,285
99360,ZCTA5 99360,med_income,41516,7721
99361,ZCTA5 99361,wht_pop,1779,275
99361,ZCTA5 99361,blck_pop,0,12
99361,ZCTA5 99361,total_population,1854,286
99361,ZCTA5 99361,med_income,31616,3006
99362,ZCTA5 99362,wht_pop,34927,916
99362,ZCTA5 99362,blck_pop,793,181
99362,ZCTA5 99362,total_population,41515,636
99362,ZCTA5 99362,med_income,27694,1606
99363,ZCTA5 99363,wht_pop,231,243
99363,ZCTA5 99363,blck_pop,0,12
99363,ZCTA5 99363,total_population,350,298
99363,ZCTA5 99363,med_income,18534,5772
99371,ZCTA5 99371,wht_pop,304,73
99371,ZCTA5 99371,blck_pop,0,12
99371,ZCTA5 99371,total_population,325,76
99371,ZCTA5 99371,med_income,30875,8800
99401,ZCTA5 99401,wht_pop,642,507
99401,ZCTA5 99401,blck_pop,0,12
99401,ZCTA5 99401,total_population,642,507
99401,ZCTA5 99401,med_income,40347,32012
99402,ZCTA5 99402,wht_pop,1255,251
99402,ZCTA5 99402,blck_pop,16,27
99402,ZCTA5 99402,total_population,1325,273
99402,ZCTA5 99402,med_income,31313,4725
99403,ZCTA5 99403,wht_pop,18869,519
99403,ZCTA5 99403,blck_pop,100,77
99403,ZCTA5 99403,total_population,20489,501
99403,ZCTA5 99403,med_income,26899,1776
